2020-04-13 01:11:46 +0000  Initial pipeline context: <IDEDistributionProcessingPipelineContext: 0x7ff5eff07ea0; archive(resolved)='<IDEArchive: 0x7ff5eee0fc50>', distributionTask(resolved)='2', distributionDestination(resolved)='2', distributionMethod(resolved)='<IDEDistributionMethodiOSAppStoreDistribution: 0x7ff614f35260>', team(resolved)='<IDEProvisioningDisambiguatableBasicTeam: 0x7ff6048e2230; teamID='LW56PXHU2T', teamName='Jiaxi Xiong', teamType='Individual', username='jiaxi.xiong.meho@gmail.com', isFreeProvisioningTeam='0'>'>
	Chain (13, self inclusive):
	<IDEDistributionProcessingPipelineContext: 0x7ff5eff07ea0; archive = '<IDEArchive: 0x7ff5eee0fc50>', distributionMethod='<IDEDistributionMethodiOSAppStoreDistribution: 0x7ff614f35260>', team='<IDEProvisioningDisambiguatableBasicTeam: 0x7ff6048e2230; teamID='LW56PXHU2T', teamName='Jiaxi Xiong', teamType='Individual', username='jiaxi.xiong.meho@gmail.com', isFreeProvisioningTeam='0'>'>
	<IDEDistributionProcessingPipelineContext: 0x7ff5eff45b90; archive = '<IDEArchive: 0x7ff5eee0fc50>', distributionMethod='<IDEDistributionMethodiOSAppStoreDistribution: 0x7ff614f35260>', team='<IDEProvisioningDisambiguatableBasicTeam: 0x7ff6048e2230; teamID='LW56PXHU2T', teamName='Jiaxi Xiong', teamType='Individual', username='jiaxi.xiong.meho@gmail.com', isFreeProvisioningTeam='0'>'>
	<IDEDistributionContext: 0x7ff5ec85fbd0; archive = '<IDEArchive: 0x7ff5eee0fc50>', distributionMethod='<IDEDistributionMethodiOSAppStoreDistribution: 0x7ff614f35260>', team='<IDEProvisioningDisambiguatableBasicTeam: 0x7ff6048e2230; teamID='LW56PXHU2T', teamName='Jiaxi Xiong', teamType='Individual', username='jiaxi.xiong.meho@gmail.com', isFreeProvisioningTeam='0'>'>
	<IDEDistributionContext: 0x7ff5eee1c820; archive = '<IDEArchive: 0x7ff5eee0fc50>', distributionMethod='<IDEDistributionMethodiOSAppStoreDistribution: 0x7ff614f35260>', team='<IDEProvisioningDisambiguatableBasicTeam: 0x7ff6048e2230; teamID='LW56PXHU2T', teamName='Jiaxi Xiong', teamType='Individual', username='jiaxi.xiong.meho@gmail.com', isFreeProvisioningTeam='0'>'>
	<IDEDistributionContext: 0x7ff5eee54da0; archive = '<IDEArchive: 0x7ff5eee0fc50>', distributionMethod='<IDEDistributionMethodiOSAppStoreDistribution: 0x7ff614f35260>', team='<IDEProvisioningDisambiguatableBasicTeam: 0x7ff6048e2230; teamID='LW56PXHU2T', teamName='Jiaxi Xiong', teamType='Individual', username='jiaxi.xiong.meho@gmail.com', isFreeProvisioningTeam='0'>'>
	<IDEDistributionContext: 0x7ff61200e0d0; archive = '<IDEArchive: 0x7ff5eee0fc50>', distributionMethod='<IDEDistributionMethodiOSAppStoreDistribution: 0x7ff614f35260>', team='<IDEProvisioningDisambiguatableBasicTeam: 0x7ff6048e2230; teamID='LW56PXHU2T', teamName='Jiaxi Xiong', teamType='Individual', username='jiaxi.xiong.meho@gmail.com', isFreeProvisioningTeam='0'>'>
	<IDEDistributionContext: 0x7ff60a422430; archive = '<IDEArchive: 0x7ff5eee0fc50>', distributionMethod='<IDEDistributionMethodiOSAppStoreDistribution: 0x7ff614f35260>', team='<IDEProvisioningDisambiguatableBasicTeam: 0x7ff6048e2230; teamID='LW56PXHU2T', teamName='Jiaxi Xiong', teamType='Individual', username='jiaxi.xiong.meho@gmail.com', isFreeProvisioningTeam='0'>'>
	<IDEDistributionContext: 0x7ff5ef633640; archive = '<IDEArchive: 0x7ff5eee0fc50>', distributionMethod='<IDEDistributionMethodiOSAppStoreDistribution: 0x7ff614f35260>', team='<IDEProvisioningDisambiguatableBasicTeam: 0x7ff6048e2230; teamID='LW56PXHU2T', teamName='Jiaxi Xiong', teamType='Individual', username='jiaxi.xiong.meho@gmail.com', isFreeProvisioningTeam='0'>'>
	<IDEDistributionContext: 0x7ff5ee893ef0; archive = '<IDEArchive: 0x7ff5eee0fc50>', distributionMethod='<IDEDistributionMethodiOSAppStoreDistribution: 0x7ff614f35260>', team='<IDEProvisioningDisambiguatableBasicTeam: 0x7ff6048e2230; teamID='LW56PXHU2T', teamName='Jiaxi Xiong', teamType='Individual', username='jiaxi.xiong.meho@gmail.com', isFreeProvisioningTeam='0'>'>
	<IDEDistributionContext: 0x7ff60b3a5270; archive = '<IDEArchive: 0x7ff5eee0fc50>', distributionMethod='<IDEDistributionMethodiOSAppStoreDistribution: 0x7ff614f35260>', team='<IDEProvisioningDisambiguatableBasicTeam: 0x7ff6048e2230; teamID='LW56PXHU2T', teamName='Jiaxi Xiong', teamType='Individual', username='jiaxi.xiong.meho@gmail.com', isFreeProvisioningTeam='0'>'>
	<IDEDistributionContext: 0x7ff609f764a0; archive = '<IDEArchive: 0x7ff5eee0fc50>', distributionMethod='<IDEDistributionMethodiOSAppStoreDistribution: 0x7ff614f35260>', team='(null)'>
	<IDEDistributionContext: 0x7ff5eee1d600; archive = '<IDEArchive: 0x7ff5eee0fc50>', distributionMethod='<IDEDistributionMethodiOSAppStoreDistribution: 0x7ff614f35260>', team='(null)'>
	<IDEDistributionContext: 0x7ff60b352690; archive = '<IDEArchive: 0x7ff5eee0fc50>', distributionMethod='(null)', team='(null)'>
</IDEDistributionProcessingPipelineContext: 0x7ff5eff07ea0>
2020-04-13 01:11:46 +0000  Processing step: IDEDistributionCreateDestRootStep
2020-04-13 01:11:46 +0000  Processing step: IDEDistributionCopyItemStep
2020-04-13 01:11:46 +0000  Running /usr/bin/ditto '-V' '/Users/mehodev/Library/Developer/Xcode/Archives/2020-04-12/meho-ios 4-12-20, 3.25 PM.xcarchive/Products/Applications/meho-ios.app' '/var/folders/fs/z9n7k_x968lfd144ssfxj7fh0000gp/T/XcodeDistPipeline.~~~wdQW6i/Root/Payload/meho-ios.app'
2020-04-13 01:11:46 +0000  >>> Copying /Users/mehodev/Library/Developer/Xcode/Archives/2020-04-12/meho-ios 4-12-20, 3.25 PM.xcarchive/Products/Applications/meho-ios.app 
2020-04-13 01:11:46 +0000  copying file ./_CodeSignature/CodeResources ... 
2020-04-13 01:11:46 +0000  69637 bytes for ./_CodeSignature/CodeResources
2020-04-13 01:11:46 +0000  copying file ./Base.lproj/LaunchScreen.storyboardc/01J-lp-oVM-view-Ze5-6b-2t3.nib ... 
2020-04-13 01:11:46 +0000  1197 bytes for ./Base.lproj/LaunchScreen.storyboardc/01J-lp-oVM-view-Ze5-6b-2t3.nib
copying file ./Base.lproj/LaunchScreen.storyboardc/UIViewController-01J-lp-oVM.nib ... 
2020-04-13 01:11:46 +0000  896 bytes for ./Base.lproj/LaunchScreen.storyboardc/UIViewController-01J-lp-oVM.nib
2020-04-13 01:11:46 +0000  copying file ./Base.lproj/LaunchScreen.storyboardc/Info.plist ... 
2020-04-13 01:11:46 +0000  258 bytes for ./Base.lproj/LaunchScreen.storyboardc/Info.plist
2020-04-13 01:11:46 +0000  copying file ./Localizable.strings ... 
2020-04-13 01:11:46 +0000  744 bytes for ./Localizable.strings
2020-04-13 01:11:46 +0000  copying file ./GoogleSignIn.bundle/de.lproj/GoogleSignIn.strings ... 
2020-04-13 01:11:46 +0000  2290 bytes for ./GoogleSignIn.bundle/de.lproj/GoogleSignIn.strings
2020-04-13 01:11:46 +0000  copying file ./GoogleSignIn.bundle/he.lproj/GoogleSignIn.strings ... 
2020-04-13 01:11:46 +0000  2379 bytes for ./GoogleSignIn.bundle/he.lproj/GoogleSignIn.strings
2020-04-13 01:11:46 +0000  copying file ./GoogleSignIn.bundle/ar.lproj/GoogleSignIn.strings ... 
2020-04-13 01:11:46 +0000  2405 bytes for ./GoogleSignIn.bundle/ar.lproj/GoogleSignIn.strings
2020-04-13 01:11:46 +0000  copying file ./GoogleSignIn.bundle/el.lproj/GoogleSignIn.strings ... 
2020-04-13 01:11:46 +0000  2816 bytes for ./GoogleSignIn.bundle/el.lproj/GoogleSignIn.strings
2020-04-13 01:11:46 +0000  copying file ./GoogleSignIn.bundle/ja.lproj/GoogleSignIn.strings ... 
2020-04-13 01:11:46 +0000  2336 bytes for ./GoogleSignIn.bundle/ja.lproj/GoogleSignIn.strings
2020-04-13 01:11:46 +0000  copying file ./GoogleSignIn.bundle/en.lproj/GoogleSignIn.strings ... 
2020-04-13 01:11:46 +0000  2072 bytes for ./GoogleSignIn.bundle/en.lproj/GoogleSignIn.strings
2020-04-13 01:11:46 +0000  copying file ./GoogleSignIn.bundle/uk.lproj/GoogleSignIn.strings ... 
2020-04-13 01:11:46 +0000  2567 bytes for ./GoogleSignIn.bundle/uk.lproj/GoogleSignIn.strings
2020-04-13 01:11:46 +0000  copying file ./GoogleSignIn.bundle/es_MX.lproj/GoogleSignIn.strings ... 
2020-04-13 01:11:46 +0000  2140 bytes for ./GoogleSignIn.bundle/es_MX.lproj/GoogleSignIn.strings
2020-04-13 01:11:46 +0000  copying file ./GoogleSignIn.bundle/zh_CN.lproj/GoogleSignIn.strings ... 
2020-04-13 01:11:46 +0000  2052 bytes for ./GoogleSignIn.bundle/zh_CN.lproj/GoogleSignIn.strings
2020-04-13 01:11:46 +0000  copying file ./GoogleSignIn.bundle/nb.lproj/GoogleSignIn.strings ... 
2020-04-13 01:11:46 +0000  2129 bytes for ./GoogleSignIn.bundle/nb.lproj/GoogleSignIn.strings
2020-04-13 01:11:46 +0000  copying file ./GoogleSignIn.bundle/es.lproj/GoogleSignIn.strings ... 
2020-04-13 01:11:46 +0000  2254 bytes for ./GoogleSignIn.bundle/es.lproj/GoogleSignIn.strings
2020-04-13 01:11:46 +0000  copying file ./GoogleSignIn.bundle/pt_BR.lproj/GoogleSignIn.strings ... 
2020-04-13 01:11:46 +0000  2183 bytes for ./GoogleSignIn.bundle/pt_BR.lproj/GoogleSignIn.strings
2020-04-13 01:11:46 +0000  copying file ./GoogleSignIn.bundle/da.lproj/GoogleSignIn.strings ... 
2020-04-13 01:11:46 +0000  2149 bytes for ./GoogleSignIn.bundle/da.lproj/GoogleSignIn.strings
2020-04-13 01:11:46 +0000  copying file ./GoogleSignIn.bundle/it.lproj/GoogleSignIn.strings ... 
2020-04-13 01:11:46 +0000  2111 bytes for ./GoogleSignIn.bundle/it.lproj/GoogleSignIn.strings
2020-04-13 01:11:46 +0000  copying file ./GoogleSignIn.bundle/sk.lproj/GoogleSignIn.strings ... 
2020-04-13 01:11:46 +0000  2261 bytes for ./GoogleSignIn.bundle/sk.lproj/GoogleSignIn.strings
2020-04-13 01:11:46 +0000  copying file ./GoogleSignIn.bundle/pt_PT.lproj/GoogleSignIn.strings ... 
2020-04-13 01:11:46 +0000  2221 bytes for ./GoogleSignIn.bundle/pt_PT.lproj/GoogleSignIn.strings
2020-04-13 01:11:46 +0000  copying file ./GoogleSignIn.bundle/google@3x.png ... 
2020-04-13 01:11:46 +0000  1622 bytes for ./GoogleSignIn.bundle/google@3x.png
2020-04-13 01:11:46 +0000  copying file ./GoogleSignIn.bundle/ms.lproj/GoogleSignIn.strings ... 
2020-04-13 01:11:46 +0000  2113 bytes for ./GoogleSignIn.bundle/ms.lproj/GoogleSignIn.strings
2020-04-13 01:11:46 +0000  copying file ./GoogleSignIn.bundle/sv.lproj/GoogleSignIn.strings ... 
2020-04-13 01:11:46 +0000  2132 bytes for ./GoogleSignIn.bundle/sv.lproj/GoogleSignIn.strings
2020-04-13 01:11:46 +0000  copying file ./GoogleSignIn.bundle/cs.lproj/GoogleSignIn.strings ... 
2020-04-13 01:11:46 +0000  2200 bytes for ./GoogleSignIn.bundle/cs.lproj/GoogleSignIn.strings
2020-04-13 01:11:46 +0000  copying file ./GoogleSignIn.bundle/google@2x.png ... 
2020-04-13 01:11:46 +0000  987 bytes for ./GoogleSignIn.bundle/google@2x.png
2020-04-13 01:11:46 +0000  copying file ./GoogleSignIn.bundle/ko.lproj/GoogleSignIn.strings ... 
2020-04-13 01:11:46 +0000  2208 bytes for ./GoogleSignIn.bundle/ko.lproj/GoogleSignIn.strings
2020-04-13 01:11:46 +0000  copying file ./GoogleSignIn.bundle/hu.lproj/GoogleSignIn.strings ... 
2020-04-13 01:11:46 +0000  2260 bytes for ./GoogleSignIn.bundle/hu.lproj/GoogleSignIn.strings
2020-04-13 01:11:46 +0000  copying file ./GoogleSignIn.bundle/tr.lproj/GoogleSignIn.strings ... 
2020-04-13 01:11:46 +0000  2157 bytes for ./GoogleSignIn.bundle/tr.lproj/GoogleSignIn.strings
2020-04-13 01:11:46 +0000  copying file ./GoogleSignIn.bundle/pl.lproj/GoogleSignIn.strings ... 
2020-04-13 01:11:46 +0000  2131 bytes for ./GoogleSignIn.bundle/pl.lproj/GoogleSignIn.strings
2020-04-13 01:11:46 +0000  copying file ./GoogleSignIn.bundle/zh_TW.lproj/GoogleSignIn.strings ... 
2020-04-13 01:11:46 +0000  2066 bytes for ./GoogleSignIn.bundle/zh_TW.lproj/GoogleSignIn.strings
2020-04-13 01:11:46 +0000  copying file ./GoogleSignIn.bundle/en_GB.lproj/GoogleSignIn.strings ... 
2020-04-13 01:11:46 +0000  2072 bytes for ./GoogleSignIn.bundle/en_GB.lproj/GoogleSignIn.strings
2020-04-13 01:11:46 +0000  copying file ./GoogleSignIn.bundle/vi.lproj/GoogleSignIn.strings ... 
2020-04-13 01:11:46 +0000  2311 bytes for ./GoogleSignIn.bundle/vi.lproj/GoogleSignIn.strings
2020-04-13 01:11:46 +0000  copying file ./GoogleSignIn.bundle/ru.lproj/GoogleSignIn.strings ... 
2020-04-13 01:11:46 +0000  2646 bytes for ./GoogleSignIn.bundle/ru.lproj/GoogleSignIn.strings
2020-04-13 01:11:46 +0000  copying file ./GoogleSignIn.bundle/fr_CA.lproj/GoogleSignIn.strings ... 
2020-04-13 01:11:46 +0000  2254 bytes for ./GoogleSignIn.bundle/fr_CA.lproj/GoogleSignIn.strings
2020-04-13 01:11:46 +0000  copying file ./GoogleSignIn.bundle/fr.lproj/GoogleSignIn.strings ... 
2020-04-13 01:11:46 +0000  2261 bytes for ./GoogleSignIn.bundle/fr.lproj/GoogleSignIn.strings
2020-04-13 01:11:46 +0000  copying file ./GoogleSignIn.bundle/fi.lproj/GoogleSignIn.strings ... 
2020-04-13 01:11:46 +0000  2192 bytes for ./GoogleSignIn.bundle/fi.lproj/GoogleSignIn.strings
2020-04-13 01:11:46 +0000  copying file ./GoogleSignIn.bundle/id.lproj/GoogleSignIn.strings ... 
2020-04-13 01:11:46 +0000  2076 bytes for ./GoogleSignIn.bundle/id.lproj/GoogleSignIn.strings
2020-04-13 01:11:46 +0000  copying file ./GoogleSignIn.bundle/nl.lproj/GoogleSignIn.strings ... 
2020-04-13 01:11:46 +0000  2155 bytes for ./GoogleSignIn.bundle/nl.lproj/GoogleSignIn.strings
2020-04-13 01:11:46 +0000  copying file ./GoogleSignIn.bundle/th.lproj/GoogleSignIn.strings ... 
2020-04-13 01:11:46 +0000  2863 bytes for ./GoogleSignIn.bundle/th.lproj/GoogleSignIn.strings
2020-04-13 01:11:46 +0000  copying file ./GoogleSignIn.bundle/pt.lproj/GoogleSignIn.strings ... 
2020-04-13 01:11:46 +0000  2183 bytes for ./GoogleSignIn.bundle/pt.lproj/GoogleSignIn.strings
2020-04-13 01:11:46 +0000  copying file ./GoogleSignIn.bundle/google.png ... 
2020-04-13 01:11:46 +0000  572 bytes for ./GoogleSignIn.bundle/google.png
2020-04-13 01:11:46 +0000  copying file ./GoogleSignIn.bundle/Roboto-Bold.ttf ... 
2020-04-13 01:11:46 +0000  127744 bytes for ./GoogleSignIn.bundle/Roboto-Bold.ttf
2020-04-13 01:11:46 +0000  copying file ./GoogleSignIn.bundle/ro.lproj/GoogleSignIn.strings ... 
2020-04-13 01:11:46 +0000  2172 bytes for ./GoogleSignIn.bundle/ro.lproj/GoogleSignIn.strings
2020-04-13 01:11:46 +0000  copying file ./GoogleSignIn.bundle/Info.plist ... 
2020-04-13 01:11:46 +0000  729 bytes for ./GoogleSignIn.bundle/Info.plist
2020-04-13 01:11:46 +0000  copying file ./GoogleSignIn.bundle/hr.lproj/GoogleSignIn.strings ... 
2020-04-13 01:11:46 +0000  2178 bytes for ./GoogleSignIn.bundle/hr.lproj/GoogleSignIn.strings
2020-04-13 01:11:46 +0000  copying file ./GoogleSignIn.bundle/hi.lproj/GoogleSignIn.strings ... 
2020-04-13 01:11:46 +0000  3043 bytes for ./GoogleSignIn.bundle/hi.lproj/GoogleSignIn.strings
2020-04-13 01:11:46 +0000  copying file ./GoogleSignIn.bundle/ca.lproj/GoogleSignIn.strings ... 
2020-04-13 01:11:46 +0000  2283 bytes for ./GoogleSignIn.bundle/ca.lproj/GoogleSignIn.strings
2020-04-13 01:11:46 +0000  copying file ./Assets.car ... 
2020-04-13 01:11:46 +0000  2608687 bytes for ./Assets.car
2020-04-13 01:11:46 +0000  copying file ./amplifyconfiguration.json ... 
64 bytes for ./amplifyconfiguration.json
copying file ./awsconfiguration.json ... 
1121 bytes for ./awsconfiguration.json
2020-04-13 01:11:46 +0000  copying file ./Frameworks/FBSDKLoginKit.framework/_CodeSignature/CodeResources ... 
2020-04-13 01:11:46 +0000  1798 bytes for ./Frameworks/FBSDKLoginKit.framework/_CodeSignature/CodeResources
2020-04-13 01:11:46 +0000  copying file ./Frameworks/FBSDKLoginKit.framework/FBSDKLoginKit ... 
2020-04-13 01:11:46 +0000  949616 bytes for ./Frameworks/FBSDKLoginKit.framework/FBSDKLoginKit
2020-04-13 01:11:46 +0000  copying file ./Frameworks/FBSDKLoginKit.framework/Info.plist ... 
748 bytes for ./Frameworks/FBSDKLoginKit.framework/Info.plist
2020-04-13 01:11:46 +0000  copying file ./Frameworks/AWSCognitoIdentityProviderASF.framework/_CodeSignature/CodeResources ... 
2020-04-13 01:11:46 +0000  1798 bytes for ./Frameworks/AWSCognitoIdentityProviderASF.framework/_CodeSignature/CodeResources
2020-04-13 01:11:46 +0000  copying file ./Frameworks/AWSCognitoIdentityProviderASF.framework/AWSCognitoIdentityProviderASF ... 
2020-04-13 01:11:46 +0000  222592 bytes for ./Frameworks/AWSCognitoIdentityProviderASF.framework/AWSCognitoIdentityProviderASF
2020-04-13 01:11:46 +0000  copying file ./Frameworks/AWSCognitoIdentityProviderASF.framework/Info.plist ... 
2020-04-13 01:11:46 +0000  782 bytes for ./Frameworks/AWSCognitoIdentityProviderASF.framework/Info.plist
2020-04-13 01:11:46 +0000  copying file ./Frameworks/GTMSessionFetcher.framework/_CodeSignature/CodeResources ... 
2020-04-13 01:11:46 +0000  1798 bytes for ./Frameworks/GTMSessionFetcher.framework/_CodeSignature/CodeResources
2020-04-13 01:11:46 +0000  copying file ./Frameworks/GTMSessionFetcher.framework/GTMSessionFetcher ... 
2020-04-13 01:11:46 +0000  1298496 bytes for ./Frameworks/GTMSessionFetcher.framework/GTMSessionFetcher
2020-04-13 01:11:46 +0000  copying file ./Frameworks/GTMSessionFetcher.framework/Info.plist ... 
758 bytes for ./Frameworks/GTMSessionFetcher.framework/Info.plist
2020-04-13 01:11:46 +0000  copying file ./Frameworks/AWSCognitoIdentityProvider.framework/_CodeSignature/CodeResources ... 
2020-04-13 01:11:46 +0000  1798 bytes for ./Frameworks/AWSCognitoIdentityProvider.framework/_CodeSignature/CodeResources
2020-04-13 01:11:46 +0000  copying file ./Frameworks/AWSCognitoIdentityProvider.framework/AWSCognitoIdentityProvider ... 
2020-04-13 01:11:46 +0000  6084416 bytes for ./Frameworks/AWSCognitoIdentityProvider.framework/AWSCognitoIdentityProvider
copying file ./Frameworks/AWSCognitoIdentityProvider.framework/Info.plist ... 
2020-04-13 01:11:46 +0000  777 bytes for ./Frameworks/AWSCognitoIdentityProvider.framework/Info.plist
copying file ./Frameworks/AWSUserPoolsSignIn.framework/_CodeSignature/CodeResources ... 
13968 bytes for ./Frameworks/AWSUserPoolsSignIn.framework/_CodeSignature/CodeResources
copying file ./Frameworks/AWSUserPoolsSignIn.framework/AWSUserPoolsSignIn ... 
834608 bytes for ./Frameworks/AWSUserPoolsSignIn.framework/AWSUserPoolsSignIn
2020-04-13 01:11:46 +0000  copying file ./Frameworks/AWSUserPoolsSignIn.framework/AWSUserPoolsSignIn.bundle/AWSUserPools.storyboardc/tBM-jZ-I7y-view-Z83-6q-CAy.nib/objects-13.0+.nib ... 
2020-04-13 01:11:46 +0000  11859 bytes for ./Frameworks/AWSUserPoolsSignIn.framework/AWSUserPoolsSignIn.bundle/AWSUserPools.storyboardc/tBM-jZ-I7y-view-Z83-6q-CAy.nib/objects-13.0+.nib
copying file ./Frameworks/AWSUserPoolsSignIn.framework/AWSUserPoolsSignIn.bundle/AWSUserPools.storyboardc/tBM-jZ-I7y-view-Z83-6q-CAy.nib/runtime.nib ... 
2020-04-13 01:11:46 +0000  11852 bytes for ./Frameworks/AWSUserPoolsSignIn.framework/AWSUserPoolsSignIn.bundle/AWSUserPools.storyboardc/tBM-jZ-I7y-view-Z83-6q-CAy.nib/runtime.nib
2020-04-13 01:11:46 +0000  copying file ./Frameworks/AWSUserPoolsSignIn.framework/AWSUserPoolsSignIn.bundle/AWSUserPools.storyboardc/SignUpConfirmation.nib/objects-13.0+.nib ... 
2020-04-13 01:11:46 +0000  1161 bytes for ./Frameworks/AWSUserPoolsSignIn.framework/AWSUserPoolsSignIn.bundle/AWSUserPools.storyboardc/SignUpConfirmation.nib/objects-13.0+.nib
2020-04-13 01:11:46 +0000  copying file ./Frameworks/AWSUserPoolsSignIn.framework/AWSUserPoolsSignIn.bundle/AWSUserPools.storyboardc/SignUpConfirmation.nib/runtime.nib ... 
2020-04-13 01:11:46 +0000  1161 bytes for ./Frameworks/AWSUserPoolsSignIn.framework/AWSUserPoolsSignIn.bundle/AWSUserPools.storyboardc/SignUpConfirmation.nib/runtime.nib
2020-04-13 01:11:46 +0000  copying file ./Frameworks/AWSUserPoolsSignIn.framework/AWSUserPoolsSignIn.bundle/AWSUserPools.storyboardc/MFA.nib/objects-13.0+.nib ... 
2020-04-13 01:11:46 +0000  1108 bytes for ./Frameworks/AWSUserPoolsSignIn.framework/AWSUserPoolsSignIn.bundle/AWSUserPools.storyboardc/MFA.nib/objects-13.0+.nib
copying file ./Frameworks/AWSUserPoolsSignIn.framework/AWSUserPoolsSignIn.bundle/AWSUserPools.storyboardc/MFA.nib/runtime.nib ... 
2020-04-13 01:11:46 +0000  1108 bytes for ./Frameworks/AWSUserPoolsSignIn.framework/AWSUserPoolsSignIn.bundle/AWSUserPools.storyboardc/MFA.nib/runtime.nib
2020-04-13 01:11:46 +0000  copying file ./Frameworks/AWSUserPoolsSignIn.framework/AWSUserPoolsSignIn.bundle/AWSUserPools.storyboardc/Wwt-zD-yTe-view-sSU-fu-YjH.nib/objects-13.0+.nib ... 
2020-04-13 01:11:46 +0000  11864 bytes for ./Frameworks/AWSUserPoolsSignIn.framework/AWSUserPoolsSignIn.bundle/AWSUserPools.storyboardc/Wwt-zD-yTe-view-sSU-fu-YjH.nib/objects-13.0+.nib
2020-04-13 01:11:46 +0000  copying file ./Frameworks/AWSUserPoolsSignIn.framework/AWSUserPoolsSignIn.bundle/AWSUserPools.storyboardc/Wwt-zD-yTe-view-sSU-fu-YjH.nib/runtime.nib ... 
2020-04-13 01:11:46 +0000  11865 bytes for ./Frameworks/AWSUserPoolsSignIn.framework/AWSUserPoolsSignIn.bundle/AWSUserPools.storyboardc/Wwt-zD-yTe-view-sSU-fu-YjH.nib/runtime.nib
2020-04-13 01:11:46 +0000  copying file ./Frameworks/AWSUserPoolsSignIn.framework/AWSUserPoolsSignIn.bundle/AWSUserPools.storyboardc/P72-4o-dGU-view-mvy-xA-fuB.nib/objects-13.0+.nib ... 
2020-04-13 01:11:46 +0000  12053 bytes for ./Frameworks/AWSUserPoolsSignIn.framework/AWSUserPoolsSignIn.bundle/AWSUserPools.storyboardc/P72-4o-dGU-view-mvy-xA-fuB.nib/objects-13.0+.nib
copying file ./Frameworks/AWSUserPoolsSignIn.framework/AWSUserPoolsSignIn.bundle/AWSUserPools.storyboardc/P72-4o-dGU-view-mvy-xA-fuB.nib/runtime.nib ... 
2020-04-13 01:11:46 +0000  12050 bytes for ./Frameworks/AWSUserPoolsSignIn.framework/AWSUserPoolsSignIn.bundle/AWSUserPools.storyboardc/P72-4o-dGU-view-mvy-xA-fuB.nib/runtime.nib
2020-04-13 01:11:46 +0000  copying file ./Frameworks/AWSUserPoolsSignIn.framework/AWSUserPoolsSignIn.bundle/AWSUserPools.storyboardc/aLx-S5-wTI-view-dxd-xU-1jy.nib/objects-13.0+.nib ... 
2020-04-13 01:11:46 +0000  12823 bytes for ./Frameworks/AWSUserPoolsSignIn.framework/AWSUserPoolsSignIn.bundle/AWSUserPools.storyboardc/aLx-S5-wTI-view-dxd-xU-1jy.nib/objects-13.0+.nib
2020-04-13 01:11:46 +0000  copying file ./Frameworks/AWSUserPoolsSignIn.framework/AWSUserPoolsSignIn.bundle/AWSUserPools.storyboardc/aLx-S5-wTI-view-dxd-xU-1jy.nib/runtime.nib ... 
2020-04-13 01:11:46 +0000  12814 bytes for ./Frameworks/AWSUserPoolsSignIn.framework/AWSUserPoolsSignIn.bundle/AWSUserPools.storyboardc/aLx-S5-wTI-view-dxd-xU-1jy.nib/runtime.nib
2020-04-13 01:11:46 +0000  copying file ./Frameworks/AWSUserPoolsSignIn.framework/AWSUserPoolsSignIn.bundle/AWSUserPools.storyboardc/UIViewController-Wwt-zD-yTe.nib/objects-13.0+.nib ... 
2020-04-13 01:11:46 +0000  1021 bytes for ./Frameworks/AWSUserPoolsSignIn.framework/AWSUserPoolsSignIn.bundle/AWSUserPools.storyboardc/UIViewController-Wwt-zD-yTe.nib/objects-13.0+.nib
2020-04-13 01:11:46 +0000  copying file ./Frameworks/AWSUserPoolsSignIn.framework/AWSUserPoolsSignIn.bundle/AWSUserPools.storyboardc/UIViewController-Wwt-zD-yTe.nib/runtime.nib ... 
2020-04-13 01:11:46 +0000  1021 bytes for ./Frameworks/AWSUserPoolsSignIn.framework/AWSUserPoolsSignIn.bundle/AWSUserPools.storyboardc/UIViewController-Wwt-zD-yTe.nib/runtime.nib
2020-04-13 01:11:46 +0000  copying file ./Frameworks/AWSUserPoolsSignIn.framework/AWSUserPoolsSignIn.bundle/AWSUserPools.storyboardc/oYn-kQ-Tog-view-bRf-kC-3Qf.nib/objects-13.0+.nib ... 
2020-04-13 01:11:46 +0000  13189 bytes for ./Frameworks/AWSUserPoolsSignIn.framework/AWSUserPoolsSignIn.bundle/AWSUserPools.storyboardc/oYn-kQ-Tog-view-bRf-kC-3Qf.nib/objects-13.0+.nib
2020-04-13 01:11:46 +0000  copying file ./Frameworks/AWSUserPoolsSignIn.framework/AWSUserPoolsSignIn.bundle/AWSUserPools.storyboardc/oYn-kQ-Tog-view-bRf-kC-3Qf.nib/runtime.nib ... 
2020-04-13 01:11:46 +0000  13194 bytes for ./Frameworks/AWSUserPoolsSignIn.framework/AWSUserPoolsSignIn.bundle/AWSUserPools.storyboardc/oYn-kQ-Tog-view-bRf-kC-3Qf.nib/runtime.nib
2020-04-13 01:11:46 +0000  copying file ./Frameworks/AWSUserPoolsSignIn.framework/AWSUserPoolsSignIn.bundle/AWSUserPools.storyboardc/Fee-Hn-G0A-view-3Ww-qO-xXn.nib/objects-13.0+.nib ... 
2020-04-13 01:11:46 +0000  13195 bytes for ./Frameworks/AWSUserPoolsSignIn.framework/AWSUserPoolsSignIn.bundle/AWSUserPools.storyboardc/Fee-Hn-G0A-view-3Ww-qO-xXn.nib/objects-13.0+.nib
2020-04-13 01:11:46 +0000  copying file ./Frameworks/AWSUserPoolsSignIn.framework/AWSUserPoolsSignIn.bundle/AWSUserPools.storyboardc/Fee-Hn-G0A-view-3Ww-qO-xXn.nib/runtime.nib ... 
2020-04-13 01:11:46 +0000  13181 bytes for ./Frameworks/AWSUserPoolsSignIn.framework/AWSUserPoolsSignIn.bundle/AWSUserPools.storyboardc/Fee-Hn-G0A-view-3Ww-qO-xXn.nib/runtime.nib
2020-04-13 01:11:46 +0000  copying file ./Frameworks/AWSUserPoolsSignIn.framework/AWSUserPoolsSignIn.bundle/AWSUserPools.storyboardc/UINavigationController-SfA-Z0-41u.nib/objects-13.0+.nib ... 
2020-04-13 01:11:46 +0000  1198 bytes for ./Frameworks/AWSUserPoolsSignIn.framework/AWSUserPoolsSignIn.bundle/AWSUserPools.storyboardc/UINavigationController-SfA-Z0-41u.nib/objects-13.0+.nib
copying file ./Frameworks/AWSUserPoolsSignIn.framework/AWSUserPoolsSignIn.bundle/AWSUserPools.storyboardc/UINavigationController-SfA-Z0-41u.nib/runtime.nib ... 
2020-04-13 01:11:46 +0000  1198 bytes for ./Frameworks/AWSUserPoolsSignIn.framework/AWSUserPoolsSignIn.bundle/AWSUserPools.storyboardc/UINavigationController-SfA-Z0-41u.nib/runtime.nib
2020-04-13 01:11:46 +0000  copying file ./Frameworks/AWSUserPoolsSignIn.framework/AWSUserPoolsSignIn.bundle/AWSUserPools.storyboardc/ForgotPassword.nib/objects-13.0+.nib ... 
2020-04-13 01:11:46 +0000  1452 bytes for ./Frameworks/AWSUserPoolsSignIn.framework/AWSUserPoolsSignIn.bundle/AWSUserPools.storyboardc/ForgotPassword.nib/objects-13.0+.nib
2020-04-13 01:11:46 +0000  copying file ./Frameworks/AWSUserPoolsSignIn.framework/AWSUserPoolsSignIn.bundle/AWSUserPools.storyboardc/ForgotPassword.nib/runtime.nib ... 
2020-04-13 01:11:46 +0000  1452 bytes for ./Frameworks/AWSUserPoolsSignIn.framework/AWSUserPoolsSignIn.bundle/AWSUserPools.storyboardc/ForgotPassword.nib/runtime.nib
2020-04-13 01:11:46 +0000  copying file ./Frameworks/AWSUserPoolsSignIn.framework/AWSUserPoolsSignIn.bundle/AWSUserPools.storyboardc/SignUp.nib/objects-13.0+.nib ... 
2020-04-13 01:11:46 +0000  1421 bytes for ./Frameworks/AWSUserPoolsSignIn.framework/AWSUserPoolsSignIn.bundle/AWSUserPools.storyboardc/SignUp.nib/objects-13.0+.nib
2020-04-13 01:11:46 +0000  copying file ./Frameworks/AWSUserPoolsSignIn.framework/AWSUserPoolsSignIn.bundle/AWSUserPools.storyboardc/SignUp.nib/runtime.nib ... 
2020-04-13 01:11:46 +0000  1421 bytes for ./Frameworks/AWSUserPoolsSignIn.framework/AWSUserPoolsSignIn.bundle/AWSUserPools.storyboardc/SignUp.nib/runtime.nib
copying file ./Frameworks/AWSUserPoolsSignIn.framework/AWSUserPoolsSignIn.bundle/AWSUserPools.storyboardc/Info.plist ... 
2020-04-13 01:11:46 +0000  519 bytes for ./Frameworks/AWSUserPoolsSignIn.framework/AWSUserPoolsSignIn.bundle/AWSUserPools.storyboardc/Info.plist
2020-04-13 01:11:46 +0000  copying file ./Frameworks/AWSUserPoolsSignIn.framework/AWSUserPoolsSignIn.bundle/AWSUserPools.storyboardc/NewPasswordRequired.nib/objects-13.0+.nib ... 
2020-04-13 01:11:46 +0000  1149 bytes for ./Frameworks/AWSUserPoolsSignIn.framework/AWSUserPoolsSignIn.bundle/AWSUserPools.storyboardc/NewPasswordRequired.nib/objects-13.0+.nib
2020-04-13 01:11:46 +0000  copying file ./Frameworks/AWSUserPoolsSignIn.framework/AWSUserPoolsSignIn.bundle/AWSUserPools.storyboardc/NewPasswordRequired.nib/runtime.nib ... 
2020-04-13 01:11:46 +0000  1149 bytes for ./Frameworks/AWSUserPoolsSignIn.framework/AWSUserPoolsSignIn.bundle/AWSUserPools.storyboardc/NewPasswordRequired.nib/runtime.nib
2020-04-13 01:11:46 +0000  copying file ./Frameworks/AWSUserPoolsSignIn.framework/AWSUserPoolsSignIn.bundle/Info.plist ... 
2020-04-13 01:11:46 +0000  736 bytes for ./Frameworks/AWSUserPoolsSignIn.framework/AWSUserPoolsSignIn.bundle/Info.plist
copying file ./Frameworks/AWSUserPoolsSignIn.framework/Info.plist ... 
2020-04-13 01:11:46 +0000  761 bytes for ./Frameworks/AWSUserPoolsSignIn.framework/Info.plist
2020-04-13 01:11:46 +0000  copying file ./Frameworks/AWSCore.framework/_CodeSignature/CodeResources ... 
2020-04-13 01:11:46 +0000  1798 bytes for ./Frameworks/AWSCore.framework/_CodeSignature/CodeResources
2020-04-13 01:11:46 +0000  copying file ./Frameworks/AWSCore.framework/AWSCore ... 
2020-04-13 01:11:46 +0000  6826384 bytes for ./Frameworks/AWSCore.framework/AWSCore
copying file ./Frameworks/AWSCore.framework/Info.plist ... 
2020-04-13 01:11:46 +0000  737 bytes for ./Frameworks/AWSCore.framework/Info.plist
copying file ./Frameworks/GoogleToolboxForMac.framework/_CodeSignature/CodeResources ... 
1798 bytes for ./Frameworks/GoogleToolboxForMac.framework/_CodeSignature/CodeResources
copying file ./Frameworks/GoogleToolboxForMac.framework/GoogleToolboxForMac ... 
204512 bytes for ./Frameworks/GoogleToolboxForMac.framework/GoogleToolboxForMac
copying file ./Frameworks/GoogleToolboxForMac.framework/Info.plist ... 
762 bytes for ./Frameworks/GoogleToolboxForMac.framework/Info.plist
copying file ./Frameworks/AWSAuthUI.framework/_CodeSignature/CodeResources ... 
2020-04-13 01:11:46 +0000  4380 bytes for ./Frameworks/AWSAuthUI.framework/_CodeSignature/CodeResources
2020-04-13 01:11:46 +0000  copying file ./Frameworks/AWSAuthUI.framework/AWSAuthUI.bundle/SignIn.storyboardc/SignIn.nib/objects-13.0+.nib ... 
2020-04-13 01:11:46 +0000  1135 bytes for ./Frameworks/AWSAuthUI.framework/AWSAuthUI.bundle/SignIn.storyboardc/SignIn.nib/objects-13.0+.nib
2020-04-13 01:11:46 +0000  copying file ./Frameworks/AWSAuthUI.framework/AWSAuthUI.bundle/SignIn.storyboardc/SignIn.nib/runtime.nib ... 
2020-04-13 01:11:46 +0000  1135 bytes for ./Frameworks/AWSAuthUI.framework/AWSAuthUI.bundle/SignIn.storyboardc/SignIn.nib/runtime.nib
2020-04-13 01:11:46 +0000  copying file ./Frameworks/AWSAuthUI.framework/AWSAuthUI.bundle/SignIn.storyboardc/xc1-Jg-Y5t-view-n6k-Ut-fuw.nib/objects-13.0+.nib ... 
2020-04-13 01:11:46 +0000  16158 bytes for ./Frameworks/AWSAuthUI.framework/AWSAuthUI.bundle/SignIn.storyboardc/xc1-Jg-Y5t-view-n6k-Ut-fuw.nib/objects-13.0+.nib
copying file ./Frameworks/AWSAuthUI.framework/AWSAuthUI.bundle/SignIn.storyboardc/xc1-Jg-Y5t-view-n6k-Ut-fuw.nib/runtime.nib ... 
2020-04-13 01:11:46 +0000  16157 bytes for ./Frameworks/AWSAuthUI.framework/AWSAuthUI.bundle/SignIn.storyboardc/xc1-Jg-Y5t-view-n6k-Ut-fuw.nib/runtime.nib
2020-04-13 01:11:46 +0000  copying file ./Frameworks/AWSAuthUI.framework/AWSAuthUI.bundle/SignIn.storyboardc/Info.plist ... 
2020-04-13 01:11:46 +0000  133 bytes for ./Frameworks/AWSAuthUI.framework/AWSAuthUI.bundle/SignIn.storyboardc/Info.plist
copying file ./Frameworks/AWSAuthUI.framework/AWSAuthUI.bundle/Assets.car ... 
2020-04-13 01:11:46 +0000  315071 bytes for ./Frameworks/AWSAuthUI.framework/AWSAuthUI.bundle/Assets.car
2020-04-13 01:11:46 +0000  copying file ./Frameworks/AWSAuthUI.framework/AWSAuthUI.bundle/Info.plist ... 
2020-04-13 01:11:46 +0000  716 bytes for ./Frameworks/AWSAuthUI.framework/AWSAuthUI.bundle/Info.plist
copying file ./Frameworks/AWSAuthUI.framework/AWSAuthUI ... 
2020-04-13 01:11:46 +0000  350512 bytes for ./Frameworks/AWSAuthUI.framework/AWSAuthUI
copying file ./Frameworks/AWSAuthUI.framework/Info.plist ... 
2020-04-13 01:11:46 +0000  741 bytes for ./Frameworks/AWSAuthUI.framework/Info.plist
2020-04-13 01:11:46 +0000  copying file ./Frameworks/FBSDKCoreKit.framework/_CodeSignature/CodeResources ... 
2020-04-13 01:11:46 +0000  23638 bytes for ./Frameworks/FBSDKCoreKit.framework/_CodeSignature/CodeResources
2020-04-13 01:11:46 +0000  copying file ./Frameworks/FBSDKCoreKit.framework/FBSDKCoreKit ... 
2020-04-13 01:11:46 +0000  5363280 bytes for ./Frameworks/FBSDKCoreKit.framework/FBSDKCoreKit
2020-04-13 01:11:46 +0000  copying file ./Frameworks/FBSDKCoreKit.framework/FacebookSDKStrings.bundle/Resources/de.lproj/FacebookSDK.strings ... 
2020-04-13 01:11:46 +0000  5174 bytes for ./Frameworks/FBSDKCoreKit.framework/FacebookSDKStrings.bundle/Resources/de.lproj/FacebookSDK.strings
2020-04-13 01:11:46 +0000  copying file ./Frameworks/FBSDKCoreKit.framework/FacebookSDKStrings.bundle/Resources/he.lproj/FacebookSDK.strings ... 
2020-04-13 01:11:46 +0000  5282 bytes for ./Frameworks/FBSDKCoreKit.framework/FacebookSDKStrings.bundle/Resources/he.lproj/FacebookSDK.strings
2020-04-13 01:11:46 +0000  copying file ./Frameworks/FBSDKCoreKit.framework/FacebookSDKStrings.bundle/Resources/ar.lproj/FacebookSDK.strings ... 
2020-04-13 01:11:46 +0000  5603 bytes for ./Frameworks/FBSDKCoreKit.framework/FacebookSDKStrings.bundle/Resources/ar.lproj/FacebookSDK.strings
2020-04-13 01:11:46 +0000  copying file ./Frameworks/FBSDKCoreKit.framework/FacebookSDKStrings.bundle/Resources/el.lproj/FacebookSDK.strings ... 
2020-04-13 01:11:46 +0000  6162 bytes for ./Frameworks/FBSDKCoreKit.framework/FacebookSDKStrings.bundle/Resources/el.lproj/FacebookSDK.strings
2020-04-13 01:11:46 +0000  copying file ./Frameworks/FBSDKCoreKit.framework/FacebookSDKStrings.bundle/Resources/ja.lproj/FacebookSDK.strings ... 
2020-04-13 01:11:46 +0000  5419 bytes for ./Frameworks/FBSDKCoreKit.framework/FacebookSDKStrings.bundle/Resources/ja.lproj/FacebookSDK.strings
2020-04-13 01:11:46 +0000  copying file ./Frameworks/FBSDKCoreKit.framework/FacebookSDKStrings.bundle/Resources/mr.lproj/FacebookSDK.strings ... 
2020-04-13 01:11:46 +0000  6747 bytes for ./Frameworks/FBSDKCoreKit.framework/FacebookSDKStrings.bundle/Resources/mr.lproj/FacebookSDK.strings
2020-04-13 01:11:46 +0000  copying file ./Frameworks/FBSDKCoreKit.framework/FacebookSDKStrings.bundle/Resources/en.lproj/FacebookSDK.strings ... 
2020-04-13 01:11:46 +0000  8672 bytes for ./Frameworks/FBSDKCoreKit.framework/FacebookSDKStrings.bundle/Resources/en.lproj/FacebookSDK.strings
2020-04-13 01:11:46 +0000  copying file ./Frameworks/FBSDKCoreKit.framework/FacebookSDKStrings.bundle/Resources/gu.lproj/FacebookSDK.strings ... 
2020-04-13 01:11:46 +0000  6757 bytes for ./Frameworks/FBSDKCoreKit.framework/FacebookSDKStrings.bundle/Resources/gu.lproj/FacebookSDK.strings
2020-04-13 01:11:46 +0000  copying file ./Frameworks/FBSDKCoreKit.framework/FacebookSDKStrings.bundle/Resources/kn.lproj/FacebookSDK.strings ... 
2020-04-13 01:11:46 +0000  5977 bytes for ./Frameworks/FBSDKCoreKit.framework/FacebookSDKStrings.bundle/Resources/kn.lproj/FacebookSDK.strings
2020-04-13 01:11:46 +0000  copying file ./Frameworks/FBSDKCoreKit.framework/FacebookSDKStrings.bundle/Resources/nb.lproj/FacebookSDK.strings ... 
2020-04-13 01:11:46 +0000  4911 bytes for ./Frameworks/FBSDKCoreKit.framework/FacebookSDKStrings.bundle/Resources/nb.lproj/FacebookSDK.strings
2020-04-13 01:11:46 +0000  copying file ./Frameworks/FBSDKCoreKit.framework/FacebookSDKStrings.bundle/Resources/pa.lproj/FacebookSDK.strings ... 
2020-04-13 01:11:46 +0000  6874 bytes for ./Frameworks/FBSDKCoreKit.framework/FacebookSDKStrings.bundle/Resources/pa.lproj/FacebookSDK.strings
2020-04-13 01:11:46 +0000  copying file ./Frameworks/FBSDKCoreKit.framework/FacebookSDKStrings.bundle/Resources/es.lproj/FacebookSDK.strings ... 
2020-04-13 01:11:46 +0000  5110 bytes for ./Frameworks/FBSDKCoreKit.framework/FacebookSDKStrings.bundle/Resources/es.lproj/FacebookSDK.strings
2020-04-13 01:11:46 +0000  copying file ./Frameworks/FBSDKCoreKit.framework/FacebookSDKStrings.bundle/Resources/da.lproj/FacebookSDK.strings ... 
2020-04-13 01:11:46 +0000  4975 bytes for ./Frameworks/FBSDKCoreKit.framework/FacebookSDKStrings.bundle/Resources/da.lproj/FacebookSDK.strings
2020-04-13 01:11:46 +0000  copying file ./Frameworks/FBSDKCoreKit.framework/FacebookSDKStrings.bundle/Resources/it.lproj/FacebookSDK.strings ... 
2020-04-13 01:11:46 +0000  5016 bytes for ./Frameworks/FBSDKCoreKit.framework/FacebookSDKStrings.bundle/Resources/it.lproj/FacebookSDK.strings
2020-04-13 01:11:46 +0000  copying file ./Frameworks/FBSDKCoreKit.framework/FacebookSDKStrings.bundle/Resources/sk.lproj/FacebookSDK.strings ... 
2020-04-13 01:11:46 +0000  5130 bytes for ./Frameworks/FBSDKCoreKit.framework/FacebookSDKStrings.bundle/Resources/sk.lproj/FacebookSDK.strings
2020-04-13 01:11:46 +0000  copying file ./Frameworks/FBSDKCoreKit.framework/FacebookSDKStrings.bundle/Resources/pt_PT.lproj/FacebookSDK.strings ... 
2020-04-13 01:11:46 +0000  5139 bytes for ./Frameworks/FBSDKCoreKit.framework/FacebookSDKStrings.bundle/Resources/pt_PT.lproj/FacebookSDK.strings
2020-04-13 01:11:46 +0000  copying file ./Frameworks/FBSDKCoreKit.framework/FacebookSDKStrings.bundle/Resources/ms.lproj/FacebookSDK.strings ... 
2020-04-13 01:11:46 +0000  4990 bytes for ./Frameworks/FBSDKCoreKit.framework/FacebookSDKStrings.bundle/Resources/ms.lproj/FacebookSDK.strings
2020-04-13 01:11:46 +0000  copying file ./Frameworks/FBSDKCoreKit.framework/FacebookSDKStrings.bundle/Resources/ta.lproj/FacebookSDK.strings ... 
2020-04-13 01:11:46 +0000  7039 bytes for ./Frameworks/FBSDKCoreKit.framework/FacebookSDKStrings.bundle/Resources/ta.lproj/FacebookSDK.strings
2020-04-13 01:11:46 +0000  copying file ./Frameworks/FBSDKCoreKit.framework/FacebookSDKStrings.bundle/Resources/ml.lproj/FacebookSDK.strings ... 
2020-04-13 01:11:46 +0000  7388 bytes for ./Frameworks/FBSDKCoreKit.framework/FacebookSDKStrings.bundle/Resources/ml.lproj/FacebookSDK.strings
2020-04-13 01:11:46 +0000  copying file ./Frameworks/FBSDKCoreKit.framework/FacebookSDKStrings.bundle/Resources/sv.lproj/FacebookSDK.strings ... 
2020-04-13 01:11:46 +0000  4940 bytes for ./Frameworks/FBSDKCoreKit.framework/FacebookSDKStrings.bundle/Resources/sv.lproj/FacebookSDK.strings
2020-04-13 01:11:46 +0000  copying file ./Frameworks/FBSDKCoreKit.framework/FacebookSDKStrings.bundle/Resources/te.lproj/FacebookSDK.strings ... 
2020-04-13 01:11:46 +0000  7083 bytes for ./Frameworks/FBSDKCoreKit.framework/FacebookSDKStrings.bundle/Resources/te.lproj/FacebookSDK.strings
2020-04-13 01:11:46 +0000  copying file ./Frameworks/FBSDKCoreKit.framework/FacebookSDKStrings.bundle/Resources/cs.lproj/FacebookSDK.strings ... 
2020-04-13 01:11:46 +0000  5115 bytes for ./Frameworks/FBSDKCoreKit.framework/FacebookSDKStrings.bundle/Resources/cs.lproj/FacebookSDK.strings
2020-04-13 01:11:46 +0000  copying file ./Frameworks/FBSDKCoreKit.framework/FacebookSDKStrings.bundle/Resources/ko.lproj/FacebookSDK.strings ... 
2020-04-13 01:11:46 +0000  5137 bytes for ./Frameworks/FBSDKCoreKit.framework/FacebookSDKStrings.bundle/Resources/ko.lproj/FacebookSDK.strings
2020-04-13 01:11:46 +0000  copying file ./Frameworks/FBSDKCoreKit.framework/FacebookSDKStrings.bundle/Resources/fil.lproj/FacebookSDK.strings ... 
2020-04-13 01:11:46 +0000  5137 bytes for ./Frameworks/FBSDKCoreKit.framework/FacebookSDKStrings.bundle/Resources/fil.lproj/FacebookSDK.strings
2020-04-13 01:11:46 +0000  copying file ./Frameworks/FBSDKCoreKit.framework/FacebookSDKStrings.bundle/Resources/hu.lproj/FacebookSDK.strings ... 
2020-04-13 01:11:46 +0000  5233 bytes for ./Frameworks/FBSDKCoreKit.framework/FacebookSDKStrings.bundle/Resources/hu.lproj/FacebookSDK.strings
2020-04-13 01:11:46 +0000  copying file ./Frameworks/FBSDKCoreKit.framework/FacebookSDKStrings.bundle/Resources/tr.lproj/FacebookSDK.strings ... 
2020-04-13 01:11:46 +0000  5006 bytes for ./Frameworks/FBSDKCoreKit.framework/FacebookSDKStrings.bundle/Resources/tr.lproj/FacebookSDK.strings
2020-04-13 01:11:46 +0000  copying file ./Frameworks/FBSDKCoreKit.framework/FacebookSDKStrings.bundle/Resources/pl.lproj/FacebookSDK.strings ... 
2020-04-13 01:11:46 +0000  5086 bytes for ./Frameworks/FBSDKCoreKit.framework/FacebookSDKStrings.bundle/Resources/pl.lproj/FacebookSDK.strings
2020-04-13 01:11:46 +0000  copying file ./Frameworks/FBSDKCoreKit.framework/FacebookSDKStrings.bundle/Resources/en_GB.lproj/FacebookSDK.strings ... 
2020-04-13 01:11:46 +0000  4509 bytes for ./Frameworks/FBSDKCoreKit.framework/FacebookSDKStrings.bundle/Resources/en_GB.lproj/FacebookSDK.strings
2020-04-13 01:11:46 +0000  copying file ./Frameworks/FBSDKCoreKit.framework/FacebookSDKStrings.bundle/Resources/zh_Hant_TW.lproj/FacebookSDK.strings ... 
2020-04-13 01:11:46 +0000  4891 bytes for ./Frameworks/FBSDKCoreKit.framework/FacebookSDKStrings.bundle/Resources/zh_Hant_TW.lproj/FacebookSDK.strings
2020-04-13 01:11:46 +0000  copying file ./Frameworks/FBSDKCoreKit.framework/FacebookSDKStrings.bundle/Resources/vi.lproj/FacebookSDK.strings ... 
2020-04-13 01:11:46 +0000  5393 bytes for ./Frameworks/FBSDKCoreKit.framework/FacebookSDKStrings.bundle/Resources/vi.lproj/FacebookSDK.strings
2020-04-13 01:11:46 +0000  copying file ./Frameworks/FBSDKCoreKit.framework/FacebookSDKStrings.bundle/Resources/ru.lproj/FacebookSDK.strings ... 
2020-04-13 01:11:46 +0000  5711 bytes for ./Frameworks/FBSDKCoreKit.framework/FacebookSDKStrings.bundle/Resources/ru.lproj/FacebookSDK.strings
2020-04-13 01:11:46 +0000  copying file ./Frameworks/FBSDKCoreKit.framework/FacebookSDKStrings.bundle/Resources/zh_Hant_HK.lproj/FacebookSDK.strings ... 
2020-04-13 01:11:46 +0000  4853 bytes for ./Frameworks/FBSDKCoreKit.framework/FacebookSDKStrings.bundle/Resources/zh_Hant_HK.lproj/FacebookSDK.strings
2020-04-13 01:11:46 +0000  copying file ./Frameworks/FBSDKCoreKit.framework/FacebookSDKStrings.bundle/Resources/af.lproj/FacebookSDK.strings ... 
2020-04-13 01:11:46 +0000  5014 bytes for ./Frameworks/FBSDKCoreKit.framework/FacebookSDKStrings.bundle/Resources/af.lproj/FacebookSDK.strings
2020-04-13 01:11:46 +0000  copying file ./Frameworks/FBSDKCoreKit.framework/FacebookSDKStrings.bundle/Resources/es_ES.lproj/FacebookSDK.strings ... 
2020-04-13 01:11:46 +0000  5128 bytes for ./Frameworks/FBSDKCoreKit.framework/FacebookSDKStrings.bundle/Resources/es_ES.lproj/FacebookSDK.strings
2020-04-13 01:11:46 +0000  copying file ./Frameworks/FBSDKCoreKit.framework/FacebookSDKStrings.bundle/Resources/fr.lproj/FacebookSDK.strings ... 
2020-04-13 01:11:46 +0000  5228 bytes for ./Frameworks/FBSDKCoreKit.framework/FacebookSDKStrings.bundle/Resources/fr.lproj/FacebookSDK.strings
2020-04-13 01:11:46 +0000  copying file ./Frameworks/FBSDKCoreKit.framework/FacebookSDKStrings.bundle/Resources/fi.lproj/FacebookSDK.strings ... 
2020-04-13 01:11:46 +0000  5096 bytes for ./Frameworks/FBSDKCoreKit.framework/FacebookSDKStrings.bundle/Resources/fi.lproj/FacebookSDK.strings
2020-04-13 01:11:46 +0000  copying file ./Frameworks/FBSDKCoreKit.framework/FacebookSDKStrings.bundle/Resources/id.lproj/FacebookSDK.strings ... 
2020-04-13 01:11:46 +0000  4932 bytes for ./Frameworks/FBSDKCoreKit.framework/FacebookSDKStrings.bundle/Resources/id.lproj/FacebookSDK.strings
2020-04-13 01:11:46 +0000  copying file ./Frameworks/FBSDKCoreKit.framework/FacebookSDKStrings.bundle/Resources/nl.lproj/FacebookSDK.strings ... 
2020-04-13 01:11:46 +0000  5014 bytes for ./Frameworks/FBSDKCoreKit.framework/FacebookSDKStrings.bundle/Resources/nl.lproj/FacebookSDK.strings
2020-04-13 01:11:46 +0000  copying file ./Frameworks/FBSDKCoreKit.framework/FacebookSDKStrings.bundle/Resources/th.lproj/FacebookSDK.strings ... 
2020-04-13 01:11:46 +0000  6758 bytes for ./Frameworks/FBSDKCoreKit.framework/FacebookSDKStrings.bundle/Resources/th.lproj/FacebookSDK.strings
2020-04-13 01:11:46 +0000  copying file ./Frameworks/FBSDKCoreKit.framework/FacebookSDKStrings.bundle/Resources/pt.lproj/FacebookSDK.strings ... 
2020-04-13 01:11:46 +0000  5043 bytes for ./Frameworks/FBSDKCoreKit.framework/FacebookSDKStrings.bundle/Resources/pt.lproj/FacebookSDK.strings
2020-04-13 01:11:46 +0000  copying file ./Frameworks/FBSDKCoreKit.framework/FacebookSDKStrings.bundle/Resources/bn.lproj/FacebookSDK.strings ... 
2020-04-13 01:11:46 +0000  7025 bytes for ./Frameworks/FBSDKCoreKit.framework/FacebookSDKStrings.bundle/Resources/bn.lproj/FacebookSDK.strings
2020-04-13 01:11:46 +0000  copying file ./Frameworks/FBSDKCoreKit.framework/FacebookSDKStrings.bundle/Resources/hr.lproj/FacebookSDK.strings ... 
2020-04-13 01:11:46 +0000  4978 bytes for ./Frameworks/FBSDKCoreKit.framework/FacebookSDKStrings.bundle/Resources/hr.lproj/FacebookSDK.strings
2020-04-13 01:11:46 +0000  copying file ./Frameworks/FBSDKCoreKit.framework/FacebookSDKStrings.bundle/Resources/hi.lproj/FacebookSDK.strings ... 
2020-04-13 01:11:46 +0000  6785 bytes for ./Frameworks/FBSDKCoreKit.framework/FacebookSDKStrings.bundle/Resources/hi.lproj/FacebookSDK.strings
2020-04-13 01:11:46 +0000  copying file ./Frameworks/FBSDKCoreKit.framework/FacebookSDKStrings.bundle/Resources/zh.lproj/FacebookSDK.strings ... 
2020-04-13 01:11:46 +0000  4833 bytes for ./Frameworks/FBSDKCoreKit.framework/FacebookSDKStrings.bundle/Resources/zh.lproj/FacebookSDK.strings
2020-04-13 01:11:46 +0000  copying file ./Frameworks/FBSDKCoreKit.framework/Info.plist ... 
2020-04-13 01:11:46 +0000  746 bytes for ./Frameworks/FBSDKCoreKit.framework/Info.plist
2020-04-13 01:11:46 +0000  copying file ./Frameworks/AWSMobileClient.framework/_CodeSignature/CodeResources ... 
2020-04-13 01:11:46 +0000  1798 bytes for ./Frameworks/AWSMobileClient.framework/_CodeSignature/CodeResources
2020-04-13 01:11:46 +0000  copying file ./Frameworks/AWSMobileClient.framework/AWSMobileClient ... 
2020-04-13 01:11:46 +0000  2435296 bytes for ./Frameworks/AWSMobileClient.framework/AWSMobileClient
2020-04-13 01:11:46 +0000  copying file ./Frameworks/AWSMobileClient.framework/Info.plist ... 
755 bytes for ./Frameworks/AWSMobileClient.framework/Info.plist
copying file ./Frameworks/AWSGoogleSignIn.framework/_CodeSignature/CodeResources ... 
2020-04-13 01:11:46 +0000  2454 bytes for ./Frameworks/AWSGoogleSignIn.framework/_CodeSignature/CodeResources
2020-04-13 01:11:46 +0000  copying file ./Frameworks/AWSGoogleSignIn.framework/AWSGoogleSignIn ... 
2020-04-13 01:11:46 +0000  292416 bytes for ./Frameworks/AWSGoogleSignIn.framework/AWSGoogleSignIn
2020-04-13 01:11:46 +0000  copying file ./Frameworks/AWSGoogleSignIn.framework/AWSGoogleSignIn.bundle/Assets.car ... 
2020-04-13 01:11:46 +0000  65295 bytes for ./Frameworks/AWSGoogleSignIn.framework/AWSGoogleSignIn.bundle/Assets.car
2020-04-13 01:11:46 +0000  copying file ./Frameworks/AWSGoogleSignIn.framework/AWSGoogleSignIn.bundle/Info.plist ... 
2020-04-13 01:11:46 +0000  730 bytes for ./Frameworks/AWSGoogleSignIn.framework/AWSGoogleSignIn.bundle/Info.plist
copying file ./Frameworks/AWSGoogleSignIn.framework/Info.plist ... 
2020-04-13 01:11:46 +0000  755 bytes for ./Frameworks/AWSGoogleSignIn.framework/Info.plist
2020-04-13 01:11:46 +0000  copying file ./Frameworks/AWSFacebookSignIn.framework/_CodeSignature/CodeResources ... 
2020-04-13 01:11:46 +0000  2462 bytes for ./Frameworks/AWSFacebookSignIn.framework/_CodeSignature/CodeResources
2020-04-13 01:11:46 +0000  copying file ./Frameworks/AWSFacebookSignIn.framework/AWSFacebookSignIn ... 
2020-04-13 01:11:46 +0000  239424 bytes for ./Frameworks/AWSFacebookSignIn.framework/AWSFacebookSignIn
2020-04-13 01:11:46 +0000  copying file ./Frameworks/AWSFacebookSignIn.framework/AWSFacebookSignIn.bundle/Assets.car ... 
2020-04-13 01:11:46 +0000  35295 bytes for ./Frameworks/AWSFacebookSignIn.framework/AWSFacebookSignIn.bundle/Assets.car
2020-04-13 01:11:46 +0000  copying file ./Frameworks/AWSFacebookSignIn.framework/AWSFacebookSignIn.bundle/Info.plist ... 
2020-04-13 01:11:46 +0000  734 bytes for ./Frameworks/AWSFacebookSignIn.framework/AWSFacebookSignIn.bundle/Info.plist
2020-04-13 01:11:46 +0000  copying file ./Frameworks/AWSFacebookSignIn.framework/Info.plist ... 
2020-04-13 01:11:46 +0000  759 bytes for ./Frameworks/AWSFacebookSignIn.framework/Info.plist
2020-04-13 01:11:46 +0000  copying file ./Frameworks/AWSAuthCore.framework/_CodeSignature/CodeResources ... 
2020-04-13 01:11:46 +0000  1798 bytes for ./Frameworks/AWSAuthCore.framework/_CodeSignature/CodeResources
2020-04-13 01:11:46 +0000  copying file ./Frameworks/AWSAuthCore.framework/AWSAuthCore ... 
2020-04-13 01:11:46 +0000  320512 bytes for ./Frameworks/AWSAuthCore.framework/AWSAuthCore
copying file ./Frameworks/AWSAuthCore.framework/Info.plist ... 
2020-04-13 01:11:46 +0000  745 bytes for ./Frameworks/AWSAuthCore.framework/Info.plist
2020-04-13 01:11:46 +0000  copying file ./embedded.mobileprovision ... 
2020-04-13 01:11:46 +0000  7399 bytes for ./embedded.mobileprovision
copying file ./meho-ios ... 
2020-04-13 01:11:46 +0000  1087856 bytes for ./meho-ios
copying file ./Info.plist ... 
2020-04-13 01:11:46 +0000  1780 bytes for ./Info.plist
copying file ./PkgInfo ... 
2020-04-13 01:11:46 +0000  8 bytes for ./PkgInfo
2020-04-13 01:11:46 +0000  /usr/bin/ditto exited with 0
2020-04-13 01:11:46 +0000  Processing step: IDEDistributionEmbedProfileStep
2020-04-13 01:11:46 +0000  Skipping profile for item: <IDEDistributionItem: 0x7ff5ec93a1f0; bundleID='org.cocoapods.AWSAuthCore', path='<DVTFilePath:0x7ff5ed660970:'/Users/mehodev/Library/Developer/Xcode/Archives/2020-04-12/meho-ios 4-12-20, 3.25 PM.xcarchive/Products/Applications/meho-ios.app/Frameworks/AWSAuthCore.framework'>', codeSigningInfo='<_DVTCodeSigningInformation_Path: 0x7ff6035d8aa0; isSigned='1', isAdHocSigned='0', signingCertificate='<DVTSigningCertificate: 0x7ff605392260; name='Apple Development: jiaxi.xiong.meho@gmail.com (BXUKF7SMD3)', hash='78C2027EF999BC5BCEEFB7AD924EF75C5302D4C7', serialNumber='5E2C374C8CC1F72D', certificateKinds='(
    "1.2.840.113635.100.6.1.12",
    "1.2.840.113635.100.6.1.2"
), issueDate='2020-03-30 03:46:29 +0000''>', entitlements='(null)', teamID='LW56PXHU2T', identifier='org.cocoapods.AWSAuthCore', executablePath='<DVTFilePath:0x7ff5ed6c2260:'/Users/mehodev/Library/Developer/Xcode/Archives/2020-04-12/meho-ios 4-12-20, 3.25 PM.xcarchive/Products/Applications/meho-ios.app/Frameworks/AWSAuthCore.framework/AWSAuthCore'>', hardenedRuntime='0'>'>
2020-04-13 01:11:46 +0000  Skipping profile for item: <IDEDistributionItem: 0x7ff5ec94e100; bundleID='org.cocoapods.AWSAuthUI', path='<DVTFilePath:0x7ff5ed622d90:'/Users/mehodev/Library/Developer/Xcode/Archives/2020-04-12/meho-ios 4-12-20, 3.25 PM.xcarchive/Products/Applications/meho-ios.app/Frameworks/AWSAuthUI.framework'>', codeSigningInfo='<_DVTCodeSigningInformation_Path: 0x7ff60194bff0; isSigned='1', isAdHocSigned='0', signingCertificate='<DVTSigningCertificate: 0x7ff5fbc4fef0; name='Apple Development: jiaxi.xiong.meho@gmail.com (BXUKF7SMD3)', hash='78C2027EF999BC5BCEEFB7AD924EF75C5302D4C7', serialNumber='5E2C374C8CC1F72D', certificateKinds='(
    "1.2.840.113635.100.6.1.12",
    "1.2.840.113635.100.6.1.2"
), issueDate='2020-03-30 03:46:29 +0000''>', entitlements='(null)', teamID='LW56PXHU2T', identifier='org.cocoapods.AWSAuthUI', executablePath='<DVTFilePath:0x7ff5efae91e0:'/Users/mehodev/Library/Developer/Xcode/Archives/2020-04-12/meho-ios 4-12-20, 3.25 PM.xcarchive/Products/Applications/meho-ios.app/Frameworks/AWSAuthUI.framework/AWSAuthUI'>', hardenedRuntime='0'>'>
2020-04-13 01:11:46 +0000  Skipping profile for item: <IDEDistributionItem: 0x7ff6035d8510; bundleID='org.cocoapods.AWSCognitoIdentityProvider', path='<DVTFilePath:0x7ff5efae9a20:'/Users/mehodev/Library/Developer/Xcode/Archives/2020-04-12/meho-ios 4-12-20, 3.25 PM.xcarchive/Products/Applications/meho-ios.app/Frameworks/AWSCognitoIdentityProvider.framework'>', codeSigningInfo='<_DVTCodeSigningInformation_Path: 0x7ff60359fd80; isSigned='1', isAdHocSigned='0', signingCertificate='<DVTSigningCertificate: 0x7ff5efb7d7f0; name='Apple Development: jiaxi.xiong.meho@gmail.com (BXUKF7SMD3)', hash='78C2027EF999BC5BCEEFB7AD924EF75C5302D4C7', serialNumber='5E2C374C8CC1F72D', certificateKinds='(
    "1.2.840.113635.100.6.1.12",
    "1.2.840.113635.100.6.1.2"
), issueDate='2020-03-30 03:46:29 +0000''>', entitlements='(null)', teamID='LW56PXHU2T', identifier='org.cocoapods.AWSCognitoIdentityProvider', executablePath='<DVTFilePath:0x7ff5efa59ca0:'/Users/mehodev/Library/Developer/Xcode/Archives/2020-04-12/meho-ios 4-12-20, 3.25 PM.xcarchive/Products/Applications/meho-ios.app/Frameworks/AWSCognitoIdentityProvider.framework/AWSCognitoIdentityProvider'>', hardenedRuntime='0'>'>
2020-04-13 01:11:46 +0000  Skipping profile for item: <IDEDistributionItem: 0x7ff5eff0da60; bundleID='org.cocoapods.AWSCognitoIdentityProviderASF', path='<DVTFilePath:0x7ff5ff625570:'/Users/mehodev/Library/Developer/Xcode/Archives/2020-04-12/meho-ios 4-12-20, 3.25 PM.xcarchive/Products/Applications/meho-ios.app/Frameworks/AWSCognitoIdentityProviderASF.framework'>', codeSigningInfo='<_DVTCodeSigningInformation_Path: 0x7ff60027b870; isSigned='1', isAdHocSigned='0', signingCertificate='<DVTSigningCertificate: 0x7ff5ebe0d3c0; name='Apple Development: jiaxi.xiong.meho@gmail.com (BXUKF7SMD3)', hash='78C2027EF999BC5BCEEFB7AD924EF75C5302D4C7', serialNumber='5E2C374C8CC1F72D', certificateKinds='(
    "1.2.840.113635.100.6.1.12",
    "1.2.840.113635.100.6.1.2"
), issueDate='2020-03-30 03:46:29 +0000''>', entitlements='(null)', teamID='LW56PXHU2T', identifier='org.cocoapods.AWSCognitoIdentityProviderASF', executablePath='<DVTFilePath:0x7ff5ff6f56a0:'/Users/mehodev/Library/Developer/Xcode/Archives/2020-04-12/meho-ios 4-12-20, 3.25 PM.xcarchive/Products/Applications/meho-ios.app/Frameworks/AWSCognitoIdentityProviderASF.framework/AWSCognitoIdentityProviderASF'>', hardenedRuntime='0'>'>
2020-04-13 01:11:46 +0000  Skipping profile for item: <IDEDistributionItem: 0x7ff6035d8e20; bundleID='org.cocoapods.AWSCore', path='<DVTFilePath:0x7ff5ff6e67d0:'/Users/mehodev/Library/Developer/Xcode/Archives/2020-04-12/meho-ios 4-12-20, 3.25 PM.xcarchive/Products/Applications/meho-ios.app/Frameworks/AWSCore.framework'>', codeSigningInfo='<_DVTCodeSigningInformation_Path: 0x7ff5eff011c0; isSigned='1', isAdHocSigned='0', signingCertificate='<DVTSigningCertificate: 0x7ff5ebe0d3c0; name='Apple Development: jiaxi.xiong.meho@gmail.com (BXUKF7SMD3)', hash='78C2027EF999BC5BCEEFB7AD924EF75C5302D4C7', serialNumber='5E2C374C8CC1F72D', certificateKinds='(
    "1.2.840.113635.100.6.1.12",
    "1.2.840.113635.100.6.1.2"
), issueDate='2020-03-30 03:46:29 +0000''>', entitlements='(null)', teamID='LW56PXHU2T', identifier='org.cocoapods.AWSCore', executablePath='<DVTFilePath:0x7ff5efa720f0:'/Users/mehodev/Library/Developer/Xcode/Archives/2020-04-12/meho-ios 4-12-20, 3.25 PM.xcarchive/Products/Applications/meho-ios.app/Frameworks/AWSCore.framework/AWSCore'>', hardenedRuntime='0'>'>
2020-04-13 01:11:46 +0000  Skipping profile for item: <IDEDistributionItem: 0x7ff5ee427a50; bundleID='org.cocoapods.AWSFacebookSignIn', path='<DVTFilePath:0x7ff5efab67b0:'/Users/mehodev/Library/Developer/Xcode/Archives/2020-04-12/meho-ios 4-12-20, 3.25 PM.xcarchive/Products/Applications/meho-ios.app/Frameworks/AWSFacebookSignIn.framework'>', codeSigningInfo='<_DVTCodeSigningInformation_Path: 0x7ff5ebe2a770; isSigned='1', isAdHocSigned='0', signingCertificate='<DVTSigningCertificate: 0x7ff5ebe0d3c0; name='Apple Development: jiaxi.xiong.meho@gmail.com (BXUKF7SMD3)', hash='78C2027EF999BC5BCEEFB7AD924EF75C5302D4C7', serialNumber='5E2C374C8CC1F72D', certificateKinds='(
    "1.2.840.113635.100.6.1.12",
    "1.2.840.113635.100.6.1.2"
), issueDate='2020-03-30 03:46:29 +0000''>', entitlements='(null)', teamID='LW56PXHU2T', identifier='org.cocoapods.AWSFacebookSignIn', executablePath='<DVTFilePath:0x7ff5ff622ed0:'/Users/mehodev/Library/Developer/Xcode/Archives/2020-04-12/meho-ios 4-12-20, 3.25 PM.xcarchive/Products/Applications/meho-ios.app/Frameworks/AWSFacebookSignIn.framework/AWSFacebookSignIn'>', hardenedRuntime='0'>'>
2020-04-13 01:11:46 +0000  Skipping profile for item: <IDEDistributionItem: 0x7ff5edb3f460; bundleID='org.cocoapods.AWSGoogleSignIn', path='<DVTFilePath:0x7ff5ff6fbcf0:'/Users/mehodev/Library/Developer/Xcode/Archives/2020-04-12/meho-ios 4-12-20, 3.25 PM.xcarchive/Products/Applications/meho-ios.app/Frameworks/AWSGoogleSignIn.framework'>', codeSigningInfo='<_DVTCodeSigningInformation_Path: 0x7ff5ec94e170; isSigned='1', isAdHocSigned='0', signingCertificate='<DVTSigningCertificate: 0x7ff5ebe0d3c0; name='Apple Development: jiaxi.xiong.meho@gmail.com (BXUKF7SMD3)', hash='78C2027EF999BC5BCEEFB7AD924EF75C5302D4C7', serialNumber='5E2C374C8CC1F72D', certificateKinds='(
    "1.2.840.113635.100.6.1.12",
    "1.2.840.113635.100.6.1.2"
), issueDate='2020-03-30 03:46:29 +0000''>', entitlements='(null)', teamID='LW56PXHU2T', identifier='org.cocoapods.AWSGoogleSignIn', executablePath='<DVTFilePath:0x7ff5ec9d7410:'/Users/mehodev/Library/Developer/Xcode/Archives/2020-04-12/meho-ios 4-12-20, 3.25 PM.xcarchive/Products/Applications/meho-ios.app/Frameworks/AWSGoogleSignIn.framework/AWSGoogleSignIn'>', hardenedRuntime='0'>'>
2020-04-13 01:11:46 +0000  Skipping profile for item: <IDEDistributionItem: 0x7ff5ec990270; bundleID='org.cocoapods.AWSMobileClient', path='<DVTFilePath:0x7ff5ff6ecdb0:'/Users/mehodev/Library/Developer/Xcode/Archives/2020-04-12/meho-ios 4-12-20, 3.25 PM.xcarchive/Products/Applications/meho-ios.app/Frameworks/AWSMobileClient.framework'>', codeSigningInfo='<_DVTCodeSigningInformation_Path: 0x7ff5ef2142b0; isSigned='1', isAdHocSigned='0', signingCertificate='<DVTSigningCertificate: 0x7ff5ed415ce0; name='Apple Development: jiaxi.xiong.meho@gmail.com (BXUKF7SMD3)', hash='78C2027EF999BC5BCEEFB7AD924EF75C5302D4C7', serialNumber='5E2C374C8CC1F72D', certificateKinds='(
    "1.2.840.113635.100.6.1.12",
    "1.2.840.113635.100.6.1.2"
), issueDate='2020-03-30 03:46:29 +0000''>', entitlements='(null)', teamID='LW56PXHU2T', identifier='org.cocoapods.AWSMobileClient', executablePath='<DVTFilePath:0x7ff5ed66ce50:'/Users/mehodev/Library/Developer/Xcode/Archives/2020-04-12/meho-ios 4-12-20, 3.25 PM.xcarchive/Products/Applications/meho-ios.app/Frameworks/AWSMobileClient.framework/AWSMobileClient'>', hardenedRuntime='0'>'>
2020-04-13 01:11:46 +0000  Skipping profile for item: <IDEDistributionItem: 0x7ff5fc09e110; bundleID='org.cocoapods.AWSUserPoolsSignIn', path='<DVTFilePath:0x7ff5efa97be0:'/Users/mehodev/Library/Developer/Xcode/Archives/2020-04-12/meho-ios 4-12-20, 3.25 PM.xcarchive/Products/Applications/meho-ios.app/Frameworks/AWSUserPoolsSignIn.framework'>', codeSigningInfo='<_DVTCodeSigningInformation_Path: 0x7ff6099ba940; isSigned='1', isAdHocSigned='0', signingCertificate='<DVTSigningCertificate: 0x7ff5ebe0d3c0; name='Apple Development: jiaxi.xiong.meho@gmail.com (BXUKF7SMD3)', hash='78C2027EF999BC5BCEEFB7AD924EF75C5302D4C7', serialNumber='5E2C374C8CC1F72D', certificateKinds='(
    "1.2.840.113635.100.6.1.12",
    "1.2.840.113635.100.6.1.2"
), issueDate='2020-03-30 03:46:29 +0000''>', entitlements='(null)', teamID='LW56PXHU2T', identifier='org.cocoapods.AWSUserPoolsSignIn', executablePath='<DVTFilePath:0x7ff5ff6edbf0:'/Users/mehodev/Library/Developer/Xcode/Archives/2020-04-12/meho-ios 4-12-20, 3.25 PM.xcarchive/Products/Applications/meho-ios.app/Frameworks/AWSUserPoolsSignIn.framework/AWSUserPoolsSignIn'>', hardenedRuntime='0'>'>
2020-04-13 01:11:46 +0000  Skipping profile for item: <IDEDistributionItem: 0x7ff5efd515b0; bundleID='org.cocoapods.FBSDKCoreKit', path='<DVTFilePath:0x7ff5ec905880:'/Users/mehodev/Library/Developer/Xcode/Archives/2020-04-12/meho-ios 4-12-20, 3.25 PM.xcarchive/Products/Applications/meho-ios.app/Frameworks/FBSDKCoreKit.framework'>', codeSigningInfo='<_DVTCodeSigningInformation_Path: 0x7ff60536f7e0; isSigned='1', isAdHocSigned='0', signingCertificate='<DVTSigningCertificate: 0x7ff5ebe0d3c0; name='Apple Development: jiaxi.xiong.meho@gmail.com (BXUKF7SMD3)', hash='78C2027EF999BC5BCEEFB7AD924EF75C5302D4C7', serialNumber='5E2C374C8CC1F72D', certificateKinds='(
    "1.2.840.113635.100.6.1.12",
    "1.2.840.113635.100.6.1.2"
), issueDate='2020-03-30 03:46:29 +0000''>', entitlements='(null)', teamID='LW56PXHU2T', identifier='org.cocoapods.FBSDKCoreKit', executablePath='<DVTFilePath:0x7ff5ed969090:'/Users/mehodev/Library/Developer/Xcode/Archives/2020-04-12/meho-ios 4-12-20, 3.25 PM.xcarchive/Products/Applications/meho-ios.app/Frameworks/FBSDKCoreKit.framework/FBSDKCoreKit'>', hardenedRuntime='0'>'>
2020-04-13 01:11:46 +0000  Skipping profile for item: <IDEDistributionItem: 0x7ff5ee3bc4b0; bundleID='org.cocoapods.FBSDKLoginKit', path='<DVTFilePath:0x7ff5ed96a500:'/Users/mehodev/Library/Developer/Xcode/Archives/2020-04-12/meho-ios 4-12-20, 3.25 PM.xcarchive/Products/Applications/meho-ios.app/Frameworks/FBSDKLoginKit.framework'>', codeSigningInfo='<_DVTCodeSigningInformation_Path: 0x7ff5efbd5f60; isSigned='1', isAdHocSigned='0', signingCertificate='<DVTSigningCertificate: 0x7ff5ed415ce0; name='Apple Development: jiaxi.xiong.meho@gmail.com (BXUKF7SMD3)', hash='78C2027EF999BC5BCEEFB7AD924EF75C5302D4C7', serialNumber='5E2C374C8CC1F72D', certificateKinds='(
    "1.2.840.113635.100.6.1.12",
    "1.2.840.113635.100.6.1.2"
), issueDate='2020-03-30 03:46:29 +0000''>', entitlements='(null)', teamID='LW56PXHU2T', identifier='org.cocoapods.FBSDKLoginKit', executablePath='<DVTFilePath:0x7ff5eeeec820:'/Users/mehodev/Library/Developer/Xcode/Archives/2020-04-12/meho-ios 4-12-20, 3.25 PM.xcarchive/Products/Applications/meho-ios.app/Frameworks/FBSDKLoginKit.framework/FBSDKLoginKit'>', hardenedRuntime='0'>'>
2020-04-13 01:11:46 +0000  Skipping profile for item: <IDEDistributionItem: 0x7ff5eff5cea0; bundleID='org.cocoapods.GTMSessionFetcher', path='<DVTFilePath:0x7ff5eeec5ff0:'/Users/mehodev/Library/Developer/Xcode/Archives/2020-04-12/meho-ios 4-12-20, 3.25 PM.xcarchive/Products/Applications/meho-ios.app/Frameworks/GTMSessionFetcher.framework'>', codeSigningInfo='<_DVTCodeSigningInformation_Path: 0x7ff5ebe16c70; isSigned='1', isAdHocSigned='0', signingCertificate='<DVTSigningCertificate: 0x7ff5ebe0d3c0; name='Apple Development: jiaxi.xiong.meho@gmail.com (BXUKF7SMD3)', hash='78C2027EF999BC5BCEEFB7AD924EF75C5302D4C7', serialNumber='5E2C374C8CC1F72D', certificateKinds='(
    "1.2.840.113635.100.6.1.12",
    "1.2.840.113635.100.6.1.2"
), issueDate='2020-03-30 03:46:29 +0000''>', entitlements='(null)', teamID='LW56PXHU2T', identifier='org.cocoapods.GTMSessionFetcher', executablePath='<DVTFilePath:0x7ff5eeec7060:'/Users/mehodev/Library/Developer/Xcode/Archives/2020-04-12/meho-ios 4-12-20, 3.25 PM.xcarchive/Products/Applications/meho-ios.app/Frameworks/GTMSessionFetcher.framework/GTMSessionFetcher'>', hardenedRuntime='0'>'>
2020-04-13 01:11:46 +0000  Skipping profile for item: <IDEDistributionItem: 0x7ff5eff00f80; bundleID='org.cocoapods.GoogleToolboxForMac', path='<DVTFilePath:0x7ff5eee0fa30:'/Users/mehodev/Library/Developer/Xcode/Archives/2020-04-12/meho-ios 4-12-20, 3.25 PM.xcarchive/Products/Applications/meho-ios.app/Frameworks/GoogleToolboxForMac.framework'>', codeSigningInfo='<_DVTCodeSigningInformation_Path: 0x7ff5ec90b5c0; isSigned='1', isAdHocSigned='0', signingCertificate='<DVTSigningCertificate: 0x7ff5ebe0d3c0; name='Apple Development: jiaxi.xiong.meho@gmail.com (BXUKF7SMD3)', hash='78C2027EF999BC5BCEEFB7AD924EF75C5302D4C7', serialNumber='5E2C374C8CC1F72D', certificateKinds='(
    "1.2.840.113635.100.6.1.12",
    "1.2.840.113635.100.6.1.2"
), issueDate='2020-03-30 03:46:29 +0000''>', entitlements='(null)', teamID='LW56PXHU2T', identifier='org.cocoapods.GoogleToolboxForMac', executablePath='<DVTFilePath:0x7ff5eeeb5210:'/Users/mehodev/Library/Developer/Xcode/Archives/2020-04-12/meho-ios 4-12-20, 3.25 PM.xcarchive/Products/Applications/meho-ios.app/Frameworks/GoogleToolboxForMac.framework/GoogleToolboxForMac'>', hardenedRuntime='0'>'>
2020-04-13 01:11:46 +0000  Processing step: IDEDistributionItemRemovalStep
2020-04-13 01:11:46 +0000  Processing step: IDEDistributionAppThinningPlistStep
2020-04-13 01:11:46 +0000  Skipping step: IDEDistributionAppThinningPlistStep because it said so
2020-04-13 01:11:46 +0000  Processing step: IDEDistributionCompileBitcodeStep
2020-04-13 01:11:46 +0000  Skipping step: IDEDistributionCompileBitcodeStep because it said so
2020-04-13 01:11:46 +0000  Processing step: IDEDistributionCodeSlimmingStep
2020-04-13 01:11:47 +0000  Processing step: IDEDistributionCopyBCSymbolMapsStep
2020-04-13 01:11:47 +0000  Processing step: IDEDistributionSymbolsStep
2020-04-13 01:11:47 +0000  Processing symbols for AWSAuthCore.framework
2020-04-13 01:11:47 +0000  Running /usr/bin/rsync '-8aPhhE' '/var/folders/fs/z9n7k_x968lfd144ssfxj7fh0000gp/T/XcodeDistPipeline.~~~wdQW6i/Root/Payload/meho-ios.app/Frameworks/AWSAuthCore.framework' '--link-dest' '/var/folders/fs/z9n7k_x968lfd144ssfxj7fh0000gp/T/XcodeDistPipeline.~~~wdQW6i/Root/Payload/meho-ios.app/Frameworks' '/var/folders/fs/z9n7k_x968lfd144ssfxj7fh0000gp/T/XcodeDistPipeline.~~~wdQW6i'
2020-04-13 01:11:47 +0000  building file list ... 
2020-04-13 01:11:47 +0000   0 files...2020-04-13 01:11:47 +0000  5 files to consider
2020-04-13 01:11:47 +0000  AWSAuthCore.framework/
2020-04-13 01:11:47 +0000  AWSAuthCore.framework/_CodeSignature/
2020-04-13 01:11:47 +0000  
sent 227 bytes  received 32 bytes  518.00 bytes/sec
total size is 117.72K  speedup is 465.43
2020-04-13 01:11:47 +0000  /usr/bin/rsync exited with 0
2020-04-13 01:11:47 +0000  Running /usr/bin/rsync '-8aPhhE' '/Users/mehodev/Library/Developer/Xcode/Archives/2020-04-12/meho-ios 4-12-20, 3.25 PM.xcarchive/dSYMs/' '--link-dest' '/Users/mehodev/Library/Developer/Xcode/Archives/2020-04-12/meho-ios 4-12-20, 3.25 PM.xcarchive/dSYMs/' '/var/folders/fs/z9n7k_x968lfd144ssfxj7fh0000gp/T/XcodeDistPipeline.~~~wdQW6i'
2020-04-13 01:11:47 +0000  building file list ... 
2020-04-13 01:11:47 +0000   0 files...2020-04-13 01:11:47 +0000  85 files to consider
2020-04-13 01:11:47 +0000  ./
2020-04-13 01:11:47 +0000  AWSAuthCore.framework.dSYM/
AWSAuthCore.framework.dSYM/Contents/
AWSAuthCore.framework.dSYM/Contents/Resources/
AWSAuthCore.framework.dSYM/Contents/Resources/DWARF/
AWSAuthUI.framework.dSYM/
2020-04-13 01:11:47 +0000  AWSAuthUI.framework.dSYM/Contents/
AWSAuthUI.framework.dSYM/Contents/Resources/
AWSAuthUI.framework.dSYM/Contents/Resources/DWARF/
AWSCognitoIdentityProvider.framework.dSYM/
AWSCognitoIdentityProvider.framework.dSYM/Contents/
AWSCognitoIdentityProvider.framework.dSYM/Contents/Resources/
AWSCognitoIdentityProvider.framework.dSYM/Contents/Resources/DWARF/
AWSCognitoIdentityProviderASF.framework.dSYM/
AWSCognitoIdentityProviderASF.framework.dSYM/Contents/
AWSCognitoIdentityProviderASF.framework.dSYM/Contents/Resources/
AWSCognitoIdentityProviderASF.framework.dSYM/Contents/Resources/DWARF/
AWSCore.framework.dSYM/
AWSCore.framework.dSYM/Contents/
AWSCore.framework.dSYM/Contents/Resources/
AWSCore.framework.dSYM/Contents/Resources/DWARF/
AWSFacebookSignIn.framework.dSYM/
AWSFacebookSignIn.framework.dSYM/Contents/
AWSFacebookSignIn.framework.dSYM/Contents/Resources/
AWSFacebookSignIn.framework.dSYM/Contents/Resources/DWARF/
AWSGoogleSignIn.framework.dSYM/
AWSGoogleSignIn.framework.dSYM/Contents/
AWSGoogleSignIn.framework.dSYM/Contents/Resources/
AWSGoogleSignIn.framework.dSYM/Contents/Resources/DWARF/
AWSMobileClient.framework.dSYM/
AWSMobileClient.framework.dSYM/Contents/
AWSMobileClient.framework.dSYM/Contents/Resources/
AWSMobileClient.framework.dSYM/Contents/Resources/DWARF/
AWSUserPoolsSignIn.framework.dSYM/
AWSUserPoolsSignIn.framework.dSYM/Contents/
AWSUserPoolsSignIn.framework.dSYM/Contents/Resources/
AWSUserPoolsSignIn.framework.dSYM/Contents/Resources/DWARF/
FBSDKCoreKit.framework.dSYM/
FBSDKCoreKit.framework.dSYM/Contents/
FBSDKCoreKit.framework.dSYM/Contents/Resources/
FBSDKCoreKit.framework.dSYM/Contents/Resources/DWARF/
FBSDKLoginKit.framework.dSYM/
FBSDKLoginKit.framework.dSYM/Contents/
FBSDKLoginKit.framework.dSYM/Contents/Resources/
FBSDKLoginKit.framework.dSYM/Contents/Resources/DWARF/
GTMSessionFetcher.framework.dSYM/
GTMSessionFetcher.framework.dSYM/Contents/
2020-04-13 01:11:47 +0000  GTMSessionFetcher.framework.dSYM/Contents/Resources/
GTMSessionFetcher.framework.dSYM/Contents/Resources/DWARF/
GoogleToolboxForMac.framework.dSYM/
GoogleToolboxForMac.framework.dSYM/Contents/
GoogleToolboxForMac.framework.dSYM/Contents/Resources/
GoogleToolboxForMac.framework.dSYM/Contents/Resources/DWARF/
meho-ios.app.dSYM/
meho-ios.app.dSYM/Contents/
meho-ios.app.dSYM/Contents/Resources/
meho-ios.app.dSYM/Contents/Resources/DWARF/
2020-04-13 01:11:47 +0000  
sent 3.00K bytes  received 362 bytes  6.71K bytes/sec
2020-04-13 01:11:47 +0000  total size is 46.47M  speedup is 14184.08
2020-04-13 01:11:47 +0000  /usr/bin/rsync exited with 0
2020-04-13 01:11:47 +0000  Running /Applications/Xcode.app/Contents/Developer/usr/bin/symbols '-noTextInSOD' '-noDaemon' '-arch' 'all' '-symbolsPackageDir' '/var/folders/fs/z9n7k_x968lfd144ssfxj7fh0000gp/T/XcodeDistPipeline.~~~wdQW6i/Symbols' '/var/folders/fs/z9n7k_x968lfd144ssfxj7fh0000gp/T/XcodeDistPipeline.~~~wdQW6i/AWSAuthCore.framework.dSYM/Contents/Resources/Dwarf/AWSAuthCore'
2020-04-13 01:11:47 +0000  /var/folders/fs/z9n7k_x968lfd144ssfxj7fh0000gp/T/XcodeDistPipeline.~~~wdQW6i/AWSAuthCore.framework.dSYM/Contents/Resources/Dwarf/AWSAuthCore [armv7, 0.011092 seconds]:
/var/folders/fs/z9n7k_x968lfd144ssfxj7fh0000gp/T/XcodeDistPipeline.~~~wdQW6i/AWSAuthCore.framework.dSYM/Contents/Resources/Dwarf/AWSAuthCore [arm64, 0.011092 seconds]:
2020-04-13 01:11:47 +0000  /Applications/Xcode.app/Contents/Developer/usr/bin/symbols exited with 0
2020-04-13 01:11:47 +0000  Processing symbols for AWSAuthUI.framework
2020-04-13 01:11:47 +0000  Running /usr/bin/rsync '-8aPhhE' '/var/folders/fs/z9n7k_x968lfd144ssfxj7fh0000gp/T/XcodeDistPipeline.~~~wdQW6i/Root/Payload/meho-ios.app/Frameworks/AWSAuthUI.framework' '--link-dest' '/var/folders/fs/z9n7k_x968lfd144ssfxj7fh0000gp/T/XcodeDistPipeline.~~~wdQW6i/Root/Payload/meho-ios.app/Frameworks' '/var/folders/fs/z9n7k_x968lfd144ssfxj7fh0000gp/T/XcodeDistPipeline.~~~wdQW6i'
2020-04-13 01:11:47 +0000  building file list ... 
2020-04-13 01:11:47 +0000   0 files...2020-04-13 01:11:47 +0000  16 files to consider
2020-04-13 01:11:47 +0000  AWSAuthUI.framework/
2020-04-13 01:11:47 +0000  AWSAuthUI.framework/AWSAuthUI.bundle/
AWSAuthUI.framework/AWSAuthUI.bundle/SignIn.storyboardc/
AWSAuthUI.framework/AWSAuthUI.bundle/SignIn.storyboardc/SignIn.nib/
2020-04-13 01:11:47 +0000  AWSAuthUI.framework/AWSAuthUI.bundle/SignIn.storyboardc/xc1-Jg-Y5t-view-n6k-Ut-fuw.nib/
AWSAuthUI.framework/_CodeSignature/
2020-04-13 01:11:47 +0000  
sent 588 bytes  received 56 bytes  1.26K bytes/sec
2020-04-13 01:11:47 +0000  total size is 459.44K  speedup is 730.53
2020-04-13 01:11:47 +0000  /usr/bin/rsync exited with 0
2020-04-13 01:11:47 +0000  Running /usr/bin/rsync '-8aPhhE' '/Users/mehodev/Library/Developer/Xcode/Archives/2020-04-12/meho-ios 4-12-20, 3.25 PM.xcarchive/dSYMs/' '--link-dest' '/Users/mehodev/Library/Developer/Xcode/Archives/2020-04-12/meho-ios 4-12-20, 3.25 PM.xcarchive/dSYMs/' '/var/folders/fs/z9n7k_x968lfd144ssfxj7fh0000gp/T/XcodeDistPipeline.~~~wdQW6i'
2020-04-13 01:11:47 +0000  building file list ... 
2020-04-13 01:11:47 +0000   0 files...2020-04-13 01:11:47 +0000  85 files to consider
2020-04-13 01:11:47 +0000  ./
2020-04-13 01:11:47 +0000  AWSAuthCore.framework.dSYM/
AWSAuthCore.framework.dSYM/Contents/
2020-04-13 01:11:47 +0000  AWSAuthCore.framework.dSYM/Contents/Resources/
AWSAuthCore.framework.dSYM/Contents/Resources/DWARF/
AWSAuthUI.framework.dSYM/
AWSAuthUI.framework.dSYM/Contents/
AWSAuthUI.framework.dSYM/Contents/Resources/
AWSAuthUI.framework.dSYM/Contents/Resources/DWARF/
AWSCognitoIdentityProvider.framework.dSYM/
AWSCognitoIdentityProvider.framework.dSYM/Contents/
AWSCognitoIdentityProvider.framework.dSYM/Contents/Resources/
AWSCognitoIdentityProvider.framework.dSYM/Contents/Resources/DWARF/
AWSCognitoIdentityProviderASF.framework.dSYM/
AWSCognitoIdentityProviderASF.framework.dSYM/Contents/
AWSCognitoIdentityProviderASF.framework.dSYM/Contents/Resources/
AWSCognitoIdentityProviderASF.framework.dSYM/Contents/Resources/DWARF/
AWSCore.framework.dSYM/
AWSCore.framework.dSYM/Contents/
AWSCore.framework.dSYM/Contents/Resources/
AWSCore.framework.dSYM/Contents/Resources/DWARF/
AWSFacebookSignIn.framework.dSYM/
AWSFacebookSignIn.framework.dSYM/Contents/
AWSFacebookSignIn.framework.dSYM/Contents/Resources/
AWSFacebookSignIn.framework.dSYM/Contents/Resources/DWARF/
2020-04-13 01:11:47 +0000  AWSGoogleSignIn.framework.dSYM/
AWSGoogleSignIn.framework.dSYM/Contents/
AWSGoogleSignIn.framework.dSYM/Contents/Resources/
AWSGoogleSignIn.framework.dSYM/Contents/Resources/DWARF/
AWSMobileClient.framework.dSYM/
AWSMobileClient.framework.dSYM/Contents/
AWSMobileClient.framework.dSYM/Contents/Resources/
AWSMobileClient.framework.dSYM/Contents/Resources/DWARF/
AWSUserPoolsSignIn.framework.dSYM/
AWSUserPoolsSignIn.framework.dSYM/Contents/
AWSUserPoolsSignIn.framework.dSYM/Contents/Resources/
AWSUserPoolsSignIn.framework.dSYM/Contents/Resources/DWARF/
FBSDKCoreKit.framework.dSYM/
FBSDKCoreKit.framework.dSYM/Contents/
FBSDKCoreKit.framework.dSYM/Contents/Resources/
FBSDKCoreKit.framework.dSYM/Contents/Resources/DWARF/
FBSDKLoginKit.framework.dSYM/
FBSDKLoginKit.framework.dSYM/Contents/
FBSDKLoginKit.framework.dSYM/Contents/Resources/
FBSDKLoginKit.framework.dSYM/Contents/Resources/DWARF/
GTMSessionFetcher.framework.dSYM/
2020-04-13 01:11:47 +0000  GTMSessionFetcher.framework.dSYM/Contents/
GTMSessionFetcher.framework.dSYM/Contents/Resources/
GTMSessionFetcher.framework.dSYM/Contents/Resources/DWARF/
GoogleToolboxForMac.framework.dSYM/
GoogleToolboxForMac.framework.dSYM/Contents/
GoogleToolboxForMac.framework.dSYM/Contents/Resources/
GoogleToolboxForMac.framework.dSYM/Contents/Resources/DWARF/
meho-ios.app.dSYM/
meho-ios.app.dSYM/Contents/
meho-ios.app.dSYM/Contents/Resources/
meho-ios.app.dSYM/Contents/Resources/DWARF/
2020-04-13 01:11:47 +0000  
sent 3.17K bytes  received 530 bytes  7.37K bytes/sec
2020-04-13 01:11:47 +0000  total size is 46.47M  speedup is 12920.26
2020-04-13 01:11:47 +0000  /usr/bin/rsync exited with 0
2020-04-13 01:11:47 +0000  Running /Applications/Xcode.app/Contents/Developer/usr/bin/symbols '-noTextInSOD' '-noDaemon' '-arch' 'all' '-symbolsPackageDir' '/var/folders/fs/z9n7k_x968lfd144ssfxj7fh0000gp/T/XcodeDistPipeline.~~~wdQW6i/Symbols' '/var/folders/fs/z9n7k_x968lfd144ssfxj7fh0000gp/T/XcodeDistPipeline.~~~wdQW6i/AWSAuthUI.framework.dSYM/Contents/Resources/Dwarf/AWSAuthUI'
2020-04-13 01:11:47 +0000  /var/folders/fs/z9n7k_x968lfd144ssfxj7fh0000gp/T/XcodeDistPipeline.~~~wdQW6i/AWSAuthUI.framework.dSYM/Contents/Resources/Dwarf/AWSAuthUI [armv7, 0.006484 seconds]:
/var/folders/fs/z9n7k_x968lfd144ssfxj7fh0000gp/T/XcodeDistPipeline.~~~wdQW6i/AWSAuthUI.framework.dSYM/Contents/Resources/Dwarf/AWSAuthUI [arm64, 0.006484 seconds]:
2020-04-13 01:11:47 +0000  /Applications/Xcode.app/Contents/Developer/usr/bin/symbols exited with 0
2020-04-13 01:11:47 +0000  Processing symbols for AWSCognitoIdentityProvider.framework
2020-04-13 01:11:47 +0000  Running /usr/bin/rsync '-8aPhhE' '/var/folders/fs/z9n7k_x968lfd144ssfxj7fh0000gp/T/XcodeDistPipeline.~~~wdQW6i/Root/Payload/meho-ios.app/Frameworks/AWSCognitoIdentityProvider.framework' '--link-dest' '/var/folders/fs/z9n7k_x968lfd144ssfxj7fh0000gp/T/XcodeDistPipeline.~~~wdQW6i/Root/Payload/meho-ios.app/Frameworks' '/var/folders/fs/z9n7k_x968lfd144ssfxj7fh0000gp/T/XcodeDistPipeline.~~~wdQW6i'
2020-04-13 01:11:47 +0000  building file list ... 
2020-04-13 01:11:47 +0000   0 files...2020-04-13 01:11:47 +0000  5 files to consider
2020-04-13 01:11:47 +0000  AWSCognitoIdentityProvider.framework/
2020-04-13 01:11:47 +0000  AWSCognitoIdentityProvider.framework/_CodeSignature/
2020-04-13 01:11:47 +0000  
sent 257 bytes  received 32 bytes  578.00 bytes/sec
2020-04-13 01:11:47 +0000  total size is 2.37M  speedup is 8602.81
2020-04-13 01:11:47 +0000  /usr/bin/rsync exited with 0
2020-04-13 01:11:47 +0000  Running /usr/bin/rsync '-8aPhhE' '/Users/mehodev/Library/Developer/Xcode/Archives/2020-04-12/meho-ios 4-12-20, 3.25 PM.xcarchive/dSYMs/' '--link-dest' '/Users/mehodev/Library/Developer/Xcode/Archives/2020-04-12/meho-ios 4-12-20, 3.25 PM.xcarchive/dSYMs/' '/var/folders/fs/z9n7k_x968lfd144ssfxj7fh0000gp/T/XcodeDistPipeline.~~~wdQW6i'
2020-04-13 01:11:47 +0000  building file list ... 
2020-04-13 01:11:47 +0000   0 files...2020-04-13 01:11:47 +0000  85 files to consider
2020-04-13 01:11:47 +0000  ./
2020-04-13 01:11:47 +0000  AWSAuthCore.framework.dSYM/
AWSAuthCore.framework.dSYM/Contents/
AWSAuthCore.framework.dSYM/Contents/Resources/
AWSAuthCore.framework.dSYM/Contents/Resources/DWARF/
2020-04-13 01:11:47 +0000  AWSAuthUI.framework.dSYM/
AWSAuthUI.framework.dSYM/Contents/
AWSAuthUI.framework.dSYM/Contents/Resources/
AWSAuthUI.framework.dSYM/Contents/Resources/DWARF/
AWSCognitoIdentityProvider.framework.dSYM/
AWSCognitoIdentityProvider.framework.dSYM/Contents/
AWSCognitoIdentityProvider.framework.dSYM/Contents/Resources/
AWSCognitoIdentityProvider.framework.dSYM/Contents/Resources/DWARF/
AWSCognitoIdentityProviderASF.framework.dSYM/
AWSCognitoIdentityProviderASF.framework.dSYM/Contents/
AWSCognitoIdentityProviderASF.framework.dSYM/Contents/Resources/
AWSCognitoIdentityProviderASF.framework.dSYM/Contents/Resources/DWARF/
AWSCore.framework.dSYM/
AWSCore.framework.dSYM/Contents/
AWSCore.framework.dSYM/Contents/Resources/
AWSCore.framework.dSYM/Contents/Resources/DWARF/
AWSFacebookSignIn.framework.dSYM/
AWSFacebookSignIn.framework.dSYM/Contents/
AWSFacebookSignIn.framework.dSYM/Contents/Resources/
AWSFacebookSignIn.framework.dSYM/Contents/Resources/DWARF/
AWSGoogleSignIn.framework.dSYM/
AWSGoogleSignIn.framework.dSYM/Contents/
AWSGoogleSignIn.framework.dSYM/Contents/Resources/
AWSGoogleSignIn.framework.dSYM/Contents/Resources/DWARF/
AWSMobileClient.framework.dSYM/
AWSMobileClient.framework.dSYM/Contents/
2020-04-13 01:11:47 +0000  AWSMobileClient.framework.dSYM/Contents/Resources/
AWSMobileClient.framework.dSYM/Contents/Resources/DWARF/
AWSUserPoolsSignIn.framework.dSYM/
AWSUserPoolsSignIn.framework.dSYM/Contents/
AWSUserPoolsSignIn.framework.dSYM/Contents/Resources/
AWSUserPoolsSignIn.framework.dSYM/Contents/Resources/DWARF/
FBSDKCoreKit.framework.dSYM/
FBSDKCoreKit.framework.dSYM/Contents/
FBSDKCoreKit.framework.dSYM/Contents/Resources/
FBSDKCoreKit.framework.dSYM/Contents/Resources/DWARF/
FBSDKLoginKit.framework.dSYM/
FBSDKLoginKit.framework.dSYM/Contents/
FBSDKLoginKit.framework.dSYM/Contents/Resources/
FBSDKLoginKit.framework.dSYM/Contents/Resources/DWARF/
GTMSessionFetcher.framework.dSYM/
GTMSessionFetcher.framework.dSYM/Contents/
GTMSessionFetcher.framework.dSYM/Contents/Resources/
GTMSessionFetcher.framework.dSYM/Contents/Resources/DWARF/
GoogleToolboxForMac.framework.dSYM/
GoogleToolboxForMac.framework.dSYM/Contents/
GoogleToolboxForMac.framework.dSYM/Contents/Resources/
GoogleToolboxForMac.framework.dSYM/Contents/Resources/DWARF/
meho-ios.app.dSYM/
meho-ios.app.dSYM/Contents/
meho-ios.app.dSYM/Contents/Resources/
2020-04-13 01:11:47 +0000  meho-ios.app.dSYM/Contents/Resources/DWARF/
2020-04-13 01:11:47 +0000  
sent 3.17K bytes  received 530 bytes  7.37K bytes/sec
2020-04-13 01:11:47 +0000  total size is 46.47M  speedup is 12920.26
2020-04-13 01:11:47 +0000  /usr/bin/rsync exited with 0
2020-04-13 01:11:47 +0000  Running /Applications/Xcode.app/Contents/Developer/usr/bin/symbols '-noTextInSOD' '-noDaemon' '-arch' 'all' '-symbolsPackageDir' '/var/folders/fs/z9n7k_x968lfd144ssfxj7fh0000gp/T/XcodeDistPipeline.~~~wdQW6i/Symbols' '/var/folders/fs/z9n7k_x968lfd144ssfxj7fh0000gp/T/XcodeDistPipeline.~~~wdQW6i/AWSCognitoIdentityProvider.framework.dSYM/Contents/Resources/Dwarf/AWSCognitoIdentityProvider'
2020-04-13 01:11:47 +0000  /var/folders/fs/z9n7k_x968lfd144ssfxj7fh0000gp/T/XcodeDistPipeline.~~~wdQW6i/AWSCognitoIdentityProvider.framework.dSYM/Contents/Resources/Dwarf/AWSCognitoIdentityProvider [armv7, 0.042299 seconds]:
/var/folders/fs/z9n7k_x968lfd144ssfxj7fh0000gp/T/XcodeDistPipeline.~~~wdQW6i/AWSCognitoIdentityProvider.framework.dSYM/Contents/Resources/Dwarf/AWSCognitoIdentityProvider [arm64, 0.042299 seconds]:
2020-04-13 01:11:47 +0000  /Applications/Xcode.app/Contents/Developer/usr/bin/symbols exited with 0
2020-04-13 01:11:47 +0000  Processing symbols for AWSCognitoIdentityProviderASF.framework
2020-04-13 01:11:47 +0000  Running /usr/bin/rsync '-8aPhhE' '/var/folders/fs/z9n7k_x968lfd144ssfxj7fh0000gp/T/XcodeDistPipeline.~~~wdQW6i/Root/Payload/meho-ios.app/Frameworks/AWSCognitoIdentityProviderASF.framework' '--link-dest' '/var/folders/fs/z9n7k_x968lfd144ssfxj7fh0000gp/T/XcodeDistPipeline.~~~wdQW6i/Root/Payload/meho-ios.app/Frameworks' '/var/folders/fs/z9n7k_x968lfd144ssfxj7fh0000gp/T/XcodeDistPipeline.~~~wdQW6i'
2020-04-13 01:11:47 +0000  building file list ... 
2020-04-13 01:11:47 +0000   0 files...2020-04-13 01:11:47 +0000  5 files to consider
2020-04-13 01:11:47 +0000  AWSCognitoIdentityProviderASF.framework/
2020-04-13 01:11:47 +0000  AWSCognitoIdentityProviderASF.framework/_CodeSignature/
2020-04-13 01:11:47 +0000  
2020-04-13 01:11:47 +0000  sent 263 bytes  received 32 bytes  590.00 bytes/sec
total size is 87.27K  speedup is 302.93
2020-04-13 01:11:47 +0000  /usr/bin/rsync exited with 0
2020-04-13 01:11:47 +0000  Running /usr/bin/rsync '-8aPhhE' '/Users/mehodev/Library/Developer/Xcode/Archives/2020-04-12/meho-ios 4-12-20, 3.25 PM.xcarchive/dSYMs/' '--link-dest' '/Users/mehodev/Library/Developer/Xcode/Archives/2020-04-12/meho-ios 4-12-20, 3.25 PM.xcarchive/dSYMs/' '/var/folders/fs/z9n7k_x968lfd144ssfxj7fh0000gp/T/XcodeDistPipeline.~~~wdQW6i'
2020-04-13 01:11:47 +0000  building file list ... 
2020-04-13 01:11:47 +0000   0 files...2020-04-13 01:11:47 +0000  85 files to consider
2020-04-13 01:11:47 +0000  ./
2020-04-13 01:11:47 +0000  AWSAuthCore.framework.dSYM/
AWSAuthCore.framework.dSYM/Contents/
AWSAuthCore.framework.dSYM/Contents/Resources/
AWSAuthCore.framework.dSYM/Contents/Resources/DWARF/
2020-04-13 01:11:47 +0000  AWSAuthUI.framework.dSYM/
AWSAuthUI.framework.dSYM/Contents/
AWSAuthUI.framework.dSYM/Contents/Resources/
AWSAuthUI.framework.dSYM/Contents/Resources/DWARF/
AWSCognitoIdentityProvider.framework.dSYM/
AWSCognitoIdentityProvider.framework.dSYM/Contents/
AWSCognitoIdentityProvider.framework.dSYM/Contents/Resources/
AWSCognitoIdentityProvider.framework.dSYM/Contents/Resources/DWARF/
AWSCognitoIdentityProviderASF.framework.dSYM/
AWSCognitoIdentityProviderASF.framework.dSYM/Contents/
AWSCognitoIdentityProviderASF.framework.dSYM/Contents/Resources/
AWSCognitoIdentityProviderASF.framework.dSYM/Contents/Resources/DWARF/
AWSCore.framework.dSYM/
AWSCore.framework.dSYM/Contents/
AWSCore.framework.dSYM/Contents/Resources/
AWSCore.framework.dSYM/Contents/Resources/DWARF/
AWSFacebookSignIn.framework.dSYM/
AWSFacebookSignIn.framework.dSYM/Contents/
AWSFacebookSignIn.framework.dSYM/Contents/Resources/
AWSFacebookSignIn.framework.dSYM/Contents/Resources/DWARF/
2020-04-13 01:11:47 +0000  AWSGoogleSignIn.framework.dSYM/
AWSGoogleSignIn.framework.dSYM/Contents/
AWSGoogleSignIn.framework.dSYM/Contents/Resources/
AWSGoogleSignIn.framework.dSYM/Contents/Resources/DWARF/
AWSMobileClient.framework.dSYM/
AWSMobileClient.framework.dSYM/Contents/
AWSMobileClient.framework.dSYM/Contents/Resources/
AWSMobileClient.framework.dSYM/Contents/Resources/DWARF/
AWSUserPoolsSignIn.framework.dSYM/
AWSUserPoolsSignIn.framework.dSYM/Contents/
AWSUserPoolsSignIn.framework.dSYM/Contents/Resources/
AWSUserPoolsSignIn.framework.dSYM/Contents/Resources/DWARF/
FBSDKCoreKit.framework.dSYM/
FBSDKCoreKit.framework.dSYM/Contents/
FBSDKCoreKit.framework.dSYM/Contents/Resources/
FBSDKCoreKit.framework.dSYM/Contents/Resources/DWARF/
FBSDKLoginKit.framework.dSYM/
FBSDKLoginKit.framework.dSYM/Contents/
FBSDKLoginKit.framework.dSYM/Contents/Resources/
FBSDKLoginKit.framework.dSYM/Contents/Resources/DWARF/
GTMSessionFetcher.framework.dSYM/
GTMSessionFetcher.framework.dSYM/Contents/
2020-04-13 01:11:47 +0000  GTMSessionFetcher.framework.dSYM/Contents/Resources/
GTMSessionFetcher.framework.dSYM/Contents/Resources/DWARF/
GoogleToolboxForMac.framework.dSYM/
GoogleToolboxForMac.framework.dSYM/Contents/
GoogleToolboxForMac.framework.dSYM/Contents/Resources/
GoogleToolboxForMac.framework.dSYM/Contents/Resources/DWARF/
meho-ios.app.dSYM/
meho-ios.app.dSYM/Contents/
meho-ios.app.dSYM/Contents/Resources/
meho-ios.app.dSYM/Contents/Resources/DWARF/
2020-04-13 01:11:47 +0000  
sent 3.17K bytes  received 530 bytes  7.37K bytes/sec
total size is 46.47M  speedup is 12920.26
2020-04-13 01:11:47 +0000  /usr/bin/rsync exited with 0
2020-04-13 01:11:47 +0000  Running /Applications/Xcode.app/Contents/Developer/usr/bin/symbols '-noTextInSOD' '-noDaemon' '-arch' 'all' '-symbolsPackageDir' '/var/folders/fs/z9n7k_x968lfd144ssfxj7fh0000gp/T/XcodeDistPipeline.~~~wdQW6i/Symbols' '/var/folders/fs/z9n7k_x968lfd144ssfxj7fh0000gp/T/XcodeDistPipeline.~~~wdQW6i/AWSCognitoIdentityProviderASF.framework.dSYM/Contents/Resources/Dwarf/AWSCognitoIdentityProviderASF'
2020-04-13 01:11:47 +0000  /var/folders/fs/z9n7k_x968lfd144ssfxj7fh0000gp/T/XcodeDistPipeline.~~~wdQW6i/AWSCognitoIdentityProviderASF.framework.dSYM/Contents/Resources/Dwarf/AWSCognitoIdentityProviderASF [armv7, 0.006391 seconds]:
/var/folders/fs/z9n7k_x968lfd144ssfxj7fh0000gp/T/XcodeDistPipeline.~~~wdQW6i/AWSCognitoIdentityProviderASF.framework.dSYM/Contents/Resources/Dwarf/AWSCognitoIdentityProviderASF [arm64, 0.006391 seconds]:
2020-04-13 01:11:47 +0000  /Applications/Xcode.app/Contents/Developer/usr/bin/symbols exited with 0
2020-04-13 01:11:47 +0000  Processing symbols for AWSCore.framework
2020-04-13 01:11:47 +0000  Running /usr/bin/rsync '-8aPhhE' '/var/folders/fs/z9n7k_x968lfd144ssfxj7fh0000gp/T/XcodeDistPipeline.~~~wdQW6i/Root/Payload/meho-ios.app/Frameworks/AWSCore.framework' '--link-dest' '/var/folders/fs/z9n7k_x968lfd144ssfxj7fh0000gp/T/XcodeDistPipeline.~~~wdQW6i/Root/Payload/meho-ios.app/Frameworks' '/var/folders/fs/z9n7k_x968lfd144ssfxj7fh0000gp/T/XcodeDistPipeline.~~~wdQW6i'
2020-04-13 01:11:47 +0000  building file list ... 
2020-04-13 01:11:47 +0000   0 files...2020-04-13 01:11:47 +0000  5 files to consider
2020-04-13 01:11:47 +0000  AWSCore.framework/
2020-04-13 01:11:47 +0000  AWSCore.framework/_CodeSignature/
2020-04-13 01:11:47 +0000  
sent 219 bytes  received 32 bytes  502.00 bytes/sec
total size is 1.91M  speedup is 7993.97
2020-04-13 01:11:47 +0000  /usr/bin/rsync exited with 0
2020-04-13 01:11:47 +0000  Running /usr/bin/rsync '-8aPhhE' '/Users/mehodev/Library/Developer/Xcode/Archives/2020-04-12/meho-ios 4-12-20, 3.25 PM.xcarchive/dSYMs/' '--link-dest' '/Users/mehodev/Library/Developer/Xcode/Archives/2020-04-12/meho-ios 4-12-20, 3.25 PM.xcarchive/dSYMs/' '/var/folders/fs/z9n7k_x968lfd144ssfxj7fh0000gp/T/XcodeDistPipeline.~~~wdQW6i'
2020-04-13 01:11:47 +0000  building file list ... 
2020-04-13 01:11:47 +0000   0 files...2020-04-13 01:11:47 +0000  85 files to consider
2020-04-13 01:11:47 +0000  ./
2020-04-13 01:11:47 +0000  AWSAuthCore.framework.dSYM/
AWSAuthCore.framework.dSYM/Contents/
AWSAuthCore.framework.dSYM/Contents/Resources/
AWSAuthCore.framework.dSYM/Contents/Resources/DWARF/
AWSAuthUI.framework.dSYM/
AWSAuthUI.framework.dSYM/Contents/
2020-04-13 01:11:47 +0000  AWSAuthUI.framework.dSYM/Contents/Resources/
AWSAuthUI.framework.dSYM/Contents/Resources/DWARF/
AWSCognitoIdentityProvider.framework.dSYM/
AWSCognitoIdentityProvider.framework.dSYM/Contents/
AWSCognitoIdentityProvider.framework.dSYM/Contents/Resources/
AWSCognitoIdentityProvider.framework.dSYM/Contents/Resources/DWARF/
AWSCognitoIdentityProviderASF.framework.dSYM/
AWSCognitoIdentityProviderASF.framework.dSYM/Contents/
AWSCognitoIdentityProviderASF.framework.dSYM/Contents/Resources/
AWSCognitoIdentityProviderASF.framework.dSYM/Contents/Resources/DWARF/
AWSCore.framework.dSYM/
AWSCore.framework.dSYM/Contents/
AWSCore.framework.dSYM/Contents/Resources/
AWSCore.framework.dSYM/Contents/Resources/DWARF/
AWSFacebookSignIn.framework.dSYM/
AWSFacebookSignIn.framework.dSYM/Contents/
AWSFacebookSignIn.framework.dSYM/Contents/Resources/
AWSFacebookSignIn.framework.dSYM/Contents/Resources/DWARF/
AWSGoogleSignIn.framework.dSYM/
AWSGoogleSignIn.framework.dSYM/Contents/
AWSGoogleSignIn.framework.dSYM/Contents/Resources/
AWSGoogleSignIn.framework.dSYM/Contents/Resources/DWARF/
AWSMobileClient.framework.dSYM/
AWSMobileClient.framework.dSYM/Contents/
2020-04-13 01:11:47 +0000  AWSMobileClient.framework.dSYM/Contents/Resources/
AWSMobileClient.framework.dSYM/Contents/Resources/DWARF/
AWSUserPoolsSignIn.framework.dSYM/
AWSUserPoolsSignIn.framework.dSYM/Contents/
AWSUserPoolsSignIn.framework.dSYM/Contents/Resources/
AWSUserPoolsSignIn.framework.dSYM/Contents/Resources/DWARF/
FBSDKCoreKit.framework.dSYM/
FBSDKCoreKit.framework.dSYM/Contents/
FBSDKCoreKit.framework.dSYM/Contents/Resources/
FBSDKCoreKit.framework.dSYM/Contents/Resources/DWARF/
FBSDKLoginKit.framework.dSYM/
FBSDKLoginKit.framework.dSYM/Contents/
FBSDKLoginKit.framework.dSYM/Contents/Resources/
FBSDKLoginKit.framework.dSYM/Contents/Resources/DWARF/
GTMSessionFetcher.framework.dSYM/
GTMSessionFetcher.framework.dSYM/Contents/
GTMSessionFetcher.framework.dSYM/Contents/Resources/
GTMSessionFetcher.framework.dSYM/Contents/Resources/DWARF/
GoogleToolboxForMac.framework.dSYM/
GoogleToolboxForMac.framework.dSYM/Contents/
GoogleToolboxForMac.framework.dSYM/Contents/Resources/
GoogleToolboxForMac.framework.dSYM/Contents/Resources/DWARF/
meho-ios.app.dSYM/
2020-04-13 01:11:47 +0000  meho-ios.app.dSYM/Contents/
meho-ios.app.dSYM/Contents/Resources/
meho-ios.app.dSYM/Contents/Resources/DWARF/
2020-04-13 01:11:47 +0000  
sent 3.17K bytes  received 530 bytes  7.37K bytes/sec
total size is 46.47M  speedup is 12920.26
2020-04-13 01:11:47 +0000  /usr/bin/rsync exited with 0
2020-04-13 01:11:47 +0000  Running /Applications/Xcode.app/Contents/Developer/usr/bin/symbols '-noTextInSOD' '-noDaemon' '-arch' 'all' '-symbolsPackageDir' '/var/folders/fs/z9n7k_x968lfd144ssfxj7fh0000gp/T/XcodeDistPipeline.~~~wdQW6i/Symbols' '/var/folders/fs/z9n7k_x968lfd144ssfxj7fh0000gp/T/XcodeDistPipeline.~~~wdQW6i/AWSCore.framework.dSYM/Contents/Resources/Dwarf/AWSCore'
2020-04-13 01:11:47 +0000  /var/folders/fs/z9n7k_x968lfd144ssfxj7fh0000gp/T/XcodeDistPipeline.~~~wdQW6i/AWSCore.framework.dSYM/Contents/Resources/Dwarf/AWSCore [armv7, 0.039200 seconds]:
/var/folders/fs/z9n7k_x968lfd144ssfxj7fh0000gp/T/XcodeDistPipeline.~~~wdQW6i/AWSCore.framework.dSYM/Contents/Resources/Dwarf/AWSCore [arm64, 0.039200 seconds]:
2020-04-13 01:11:47 +0000  /Applications/Xcode.app/Contents/Developer/usr/bin/symbols exited with 0
2020-04-13 01:11:47 +0000  Processing symbols for AWSFacebookSignIn.framework
2020-04-13 01:11:47 +0000  Running /usr/bin/rsync '-8aPhhE' '/var/folders/fs/z9n7k_x968lfd144ssfxj7fh0000gp/T/XcodeDistPipeline.~~~wdQW6i/Root/Payload/meho-ios.app/Frameworks/AWSFacebookSignIn.framework' '--link-dest' '/var/folders/fs/z9n7k_x968lfd144ssfxj7fh0000gp/T/XcodeDistPipeline.~~~wdQW6i/Root/Payload/meho-ios.app/Frameworks' '/var/folders/fs/z9n7k_x968lfd144ssfxj7fh0000gp/T/XcodeDistPipeline.~~~wdQW6i'
2020-04-13 01:11:47 +0000  building file list ... 
2020-04-13 01:11:47 +0000   0 files...2020-04-13 01:11:47 +0000  8 files to consider
2020-04-13 01:11:47 +0000  AWSFacebookSignIn.framework/
2020-04-13 01:11:47 +0000  AWSFacebookSignIn.framework/AWSFacebookSignIn.bundle/
AWSFacebookSignIn.framework/_CodeSignature/
2020-04-13 01:11:47 +0000  
sent 333 bytes  received 38 bytes  742.00 bytes/sec
total size is 123.34K  speedup is 340.44
2020-04-13 01:11:47 +0000  /usr/bin/rsync exited with 0
2020-04-13 01:11:47 +0000  Running /usr/bin/rsync '-8aPhhE' '/Users/mehodev/Library/Developer/Xcode/Archives/2020-04-12/meho-ios 4-12-20, 3.25 PM.xcarchive/dSYMs/' '--link-dest' '/Users/mehodev/Library/Developer/Xcode/Archives/2020-04-12/meho-ios 4-12-20, 3.25 PM.xcarchive/dSYMs/' '/var/folders/fs/z9n7k_x968lfd144ssfxj7fh0000gp/T/XcodeDistPipeline.~~~wdQW6i'
2020-04-13 01:11:47 +0000  building file list ... 
2020-04-13 01:11:47 +0000   0 files...2020-04-13 01:11:47 +0000  85 files to consider
2020-04-13 01:11:47 +0000  ./
2020-04-13 01:11:47 +0000  AWSAuthCore.framework.dSYM/
AWSAuthCore.framework.dSYM/Contents/
AWSAuthCore.framework.dSYM/Contents/Resources/
AWSAuthCore.framework.dSYM/Contents/Resources/DWARF/
AWSAuthUI.framework.dSYM/
2020-04-13 01:11:47 +0000  AWSAuthUI.framework.dSYM/Contents/
AWSAuthUI.framework.dSYM/Contents/Resources/
AWSAuthUI.framework.dSYM/Contents/Resources/DWARF/
AWSCognitoIdentityProvider.framework.dSYM/
AWSCognitoIdentityProvider.framework.dSYM/Contents/
AWSCognitoIdentityProvider.framework.dSYM/Contents/Resources/
AWSCognitoIdentityProvider.framework.dSYM/Contents/Resources/DWARF/
AWSCognitoIdentityProviderASF.framework.dSYM/
AWSCognitoIdentityProviderASF.framework.dSYM/Contents/
AWSCognitoIdentityProviderASF.framework.dSYM/Contents/Resources/
AWSCognitoIdentityProviderASF.framework.dSYM/Contents/Resources/DWARF/
AWSCore.framework.dSYM/
AWSCore.framework.dSYM/Contents/
AWSCore.framework.dSYM/Contents/Resources/
AWSCore.framework.dSYM/Contents/Resources/DWARF/
AWSFacebookSignIn.framework.dSYM/
AWSFacebookSignIn.framework.dSYM/Contents/
AWSFacebookSignIn.framework.dSYM/Contents/Resources/
AWSFacebookSignIn.framework.dSYM/Contents/Resources/DWARF/
AWSGoogleSignIn.framework.dSYM/
2020-04-13 01:11:47 +0000  AWSGoogleSignIn.framework.dSYM/Contents/
AWSGoogleSignIn.framework.dSYM/Contents/Resources/
AWSGoogleSignIn.framework.dSYM/Contents/Resources/DWARF/
AWSMobileClient.framework.dSYM/
AWSMobileClient.framework.dSYM/Contents/
AWSMobileClient.framework.dSYM/Contents/Resources/
AWSMobileClient.framework.dSYM/Contents/Resources/DWARF/
AWSUserPoolsSignIn.framework.dSYM/
AWSUserPoolsSignIn.framework.dSYM/Contents/
AWSUserPoolsSignIn.framework.dSYM/Contents/Resources/
AWSUserPoolsSignIn.framework.dSYM/Contents/Resources/DWARF/
FBSDKCoreKit.framework.dSYM/
FBSDKCoreKit.framework.dSYM/Contents/
FBSDKCoreKit.framework.dSYM/Contents/Resources/
FBSDKCoreKit.framework.dSYM/Contents/Resources/DWARF/
FBSDKLoginKit.framework.dSYM/
FBSDKLoginKit.framework.dSYM/Contents/
FBSDKLoginKit.framework.dSYM/Contents/Resources/
FBSDKLoginKit.framework.dSYM/Contents/Resources/DWARF/
GTMSessionFetcher.framework.dSYM/
2020-04-13 01:11:47 +0000  GTMSessionFetcher.framework.dSYM/Contents/
GTMSessionFetcher.framework.dSYM/Contents/Resources/
GTMSessionFetcher.framework.dSYM/Contents/Resources/DWARF/
GoogleToolboxForMac.framework.dSYM/
GoogleToolboxForMac.framework.dSYM/Contents/
GoogleToolboxForMac.framework.dSYM/Contents/Resources/
GoogleToolboxForMac.framework.dSYM/Contents/Resources/DWARF/
meho-ios.app.dSYM/
meho-ios.app.dSYM/Contents/
meho-ios.app.dSYM/Contents/Resources/
meho-ios.app.dSYM/Contents/Resources/DWARF/
2020-04-13 01:11:47 +0000  
sent 3.17K bytes  received 530 bytes  7.37K bytes/sec
2020-04-13 01:11:47 +0000  total size is 46.47M  speedup is 12920.26
2020-04-13 01:11:47 +0000  /usr/bin/rsync exited with 0
2020-04-13 01:11:47 +0000  Running /Applications/Xcode.app/Contents/Developer/usr/bin/symbols '-noTextInSOD' '-noDaemon' '-arch' 'all' '-symbolsPackageDir' '/var/folders/fs/z9n7k_x968lfd144ssfxj7fh0000gp/T/XcodeDistPipeline.~~~wdQW6i/Symbols' '/var/folders/fs/z9n7k_x968lfd144ssfxj7fh0000gp/T/XcodeDistPipeline.~~~wdQW6i/AWSFacebookSignIn.framework.dSYM/Contents/Resources/Dwarf/AWSFacebookSignIn'
2020-04-13 01:11:47 +0000  /var/folders/fs/z9n7k_x968lfd144ssfxj7fh0000gp/T/XcodeDistPipeline.~~~wdQW6i/AWSFacebookSignIn.framework.dSYM/Contents/Resources/Dwarf/AWSFacebookSignIn [armv7, 0.005993 seconds]:
/var/folders/fs/z9n7k_x968lfd144ssfxj7fh0000gp/T/XcodeDistPipeline.~~~wdQW6i/AWSFacebookSignIn.framework.dSYM/Contents/Resources/Dwarf/AWSFacebookSignIn [arm64, 0.005993 seconds]:
2020-04-13 01:11:47 +0000  /Applications/Xcode.app/Contents/Developer/usr/bin/symbols exited with 0
2020-04-13 01:11:47 +0000  Processing symbols for AWSGoogleSignIn.framework
2020-04-13 01:11:47 +0000  Running /usr/bin/rsync '-8aPhhE' '/var/folders/fs/z9n7k_x968lfd144ssfxj7fh0000gp/T/XcodeDistPipeline.~~~wdQW6i/Root/Payload/meho-ios.app/Frameworks/AWSGoogleSignIn.framework' '--link-dest' '/var/folders/fs/z9n7k_x968lfd144ssfxj7fh0000gp/T/XcodeDistPipeline.~~~wdQW6i/Root/Payload/meho-ios.app/Frameworks' '/var/folders/fs/z9n7k_x968lfd144ssfxj7fh0000gp/T/XcodeDistPipeline.~~~wdQW6i'
2020-04-13 01:11:47 +0000  building file list ... 
2020-04-13 01:11:47 +0000   0 files...2020-04-13 01:11:47 +0000  8 files to consider
2020-04-13 01:11:47 +0000  AWSGoogleSignIn.framework/
2020-04-13 01:11:47 +0000  AWSGoogleSignIn.framework/AWSGoogleSignIn.bundle/
AWSGoogleSignIn.framework/_CodeSignature/
2020-04-13 01:11:47 +0000  
2020-04-13 01:11:47 +0000  sent 327 bytes  received 38 bytes  730.00 bytes/sec
total size is 171.71K  speedup is 481.73
2020-04-13 01:11:47 +0000  /usr/bin/rsync exited with 0
2020-04-13 01:11:47 +0000  Running /usr/bin/rsync '-8aPhhE' '/Users/mehodev/Library/Developer/Xcode/Archives/2020-04-12/meho-ios 4-12-20, 3.25 PM.xcarchive/dSYMs/' '--link-dest' '/Users/mehodev/Library/Developer/Xcode/Archives/2020-04-12/meho-ios 4-12-20, 3.25 PM.xcarchive/dSYMs/' '/var/folders/fs/z9n7k_x968lfd144ssfxj7fh0000gp/T/XcodeDistPipeline.~~~wdQW6i'
2020-04-13 01:11:47 +0000  building file list ... 
2020-04-13 01:11:47 +0000   0 files...2020-04-13 01:11:47 +0000  85 files to consider
2020-04-13 01:11:47 +0000  ./
2020-04-13 01:11:47 +0000  AWSAuthCore.framework.dSYM/
AWSAuthCore.framework.dSYM/Contents/
AWSAuthCore.framework.dSYM/Contents/Resources/
AWSAuthCore.framework.dSYM/Contents/Resources/DWARF/
2020-04-13 01:11:47 +0000  AWSAuthUI.framework.dSYM/
AWSAuthUI.framework.dSYM/Contents/
AWSAuthUI.framework.dSYM/Contents/Resources/
AWSAuthUI.framework.dSYM/Contents/Resources/DWARF/
AWSCognitoIdentityProvider.framework.dSYM/
AWSCognitoIdentityProvider.framework.dSYM/Contents/
AWSCognitoIdentityProvider.framework.dSYM/Contents/Resources/
AWSCognitoIdentityProvider.framework.dSYM/Contents/Resources/DWARF/
AWSCognitoIdentityProviderASF.framework.dSYM/
AWSCognitoIdentityProviderASF.framework.dSYM/Contents/
AWSCognitoIdentityProviderASF.framework.dSYM/Contents/Resources/
AWSCognitoIdentityProviderASF.framework.dSYM/Contents/Resources/DWARF/
AWSCore.framework.dSYM/
AWSCore.framework.dSYM/Contents/
AWSCore.framework.dSYM/Contents/Resources/
AWSCore.framework.dSYM/Contents/Resources/DWARF/
AWSFacebookSignIn.framework.dSYM/
AWSFacebookSignIn.framework.dSYM/Contents/
AWSFacebookSignIn.framework.dSYM/Contents/Resources/
AWSFacebookSignIn.framework.dSYM/Contents/Resources/DWARF/
AWSGoogleSignIn.framework.dSYM/
AWSGoogleSignIn.framework.dSYM/Contents/
2020-04-13 01:11:47 +0000  AWSGoogleSignIn.framework.dSYM/Contents/Resources/
AWSGoogleSignIn.framework.dSYM/Contents/Resources/DWARF/
AWSMobileClient.framework.dSYM/
AWSMobileClient.framework.dSYM/Contents/
AWSMobileClient.framework.dSYM/Contents/Resources/
AWSMobileClient.framework.dSYM/Contents/Resources/DWARF/
AWSUserPoolsSignIn.framework.dSYM/
AWSUserPoolsSignIn.framework.dSYM/Contents/
AWSUserPoolsSignIn.framework.dSYM/Contents/Resources/
AWSUserPoolsSignIn.framework.dSYM/Contents/Resources/DWARF/
FBSDKCoreKit.framework.dSYM/
FBSDKCoreKit.framework.dSYM/Contents/
FBSDKCoreKit.framework.dSYM/Contents/Resources/
FBSDKCoreKit.framework.dSYM/Contents/Resources/DWARF/
FBSDKLoginKit.framework.dSYM/
FBSDKLoginKit.framework.dSYM/Contents/
FBSDKLoginKit.framework.dSYM/Contents/Resources/
FBSDKLoginKit.framework.dSYM/Contents/Resources/DWARF/
GTMSessionFetcher.framework.dSYM/
GTMSessionFetcher.framework.dSYM/Contents/
GTMSessionFetcher.framework.dSYM/Contents/Resources/
2020-04-13 01:11:47 +0000  GTMSessionFetcher.framework.dSYM/Contents/Resources/DWARF/
GoogleToolboxForMac.framework.dSYM/
GoogleToolboxForMac.framework.dSYM/Contents/
GoogleToolboxForMac.framework.dSYM/Contents/Resources/
GoogleToolboxForMac.framework.dSYM/Contents/Resources/DWARF/
meho-ios.app.dSYM/
meho-ios.app.dSYM/Contents/
meho-ios.app.dSYM/Contents/Resources/
meho-ios.app.dSYM/Contents/Resources/DWARF/
2020-04-13 01:11:47 +0000  
sent 3.17K bytes  received 530 bytes  7.37K bytes/sec
total size is 46.47M  speedup is 12920.26
2020-04-13 01:11:47 +0000  /usr/bin/rsync exited with 0
2020-04-13 01:11:47 +0000  Running /Applications/Xcode.app/Contents/Developer/usr/bin/symbols '-noTextInSOD' '-noDaemon' '-arch' 'all' '-symbolsPackageDir' '/var/folders/fs/z9n7k_x968lfd144ssfxj7fh0000gp/T/XcodeDistPipeline.~~~wdQW6i/Symbols' '/var/folders/fs/z9n7k_x968lfd144ssfxj7fh0000gp/T/XcodeDistPipeline.~~~wdQW6i/AWSGoogleSignIn.framework.dSYM/Contents/Resources/Dwarf/AWSGoogleSignIn'
2020-04-13 01:11:47 +0000  /var/folders/fs/z9n7k_x968lfd144ssfxj7fh0000gp/T/XcodeDistPipeline.~~~wdQW6i/AWSGoogleSignIn.framework.dSYM/Contents/Resources/Dwarf/AWSGoogleSignIn [armv7, 0.005930 seconds]:
/var/folders/fs/z9n7k_x968lfd144ssfxj7fh0000gp/T/XcodeDistPipeline.~~~wdQW6i/AWSGoogleSignIn.framework.dSYM/Contents/Resources/Dwarf/AWSGoogleSignIn [arm64, 0.005930 seconds]:
2020-04-13 01:11:47 +0000  /Applications/Xcode.app/Contents/Developer/usr/bin/symbols exited with 0
2020-04-13 01:11:47 +0000  Processing symbols for AWSMobileClient.framework
2020-04-13 01:11:47 +0000  Running /usr/bin/rsync '-8aPhhE' '/var/folders/fs/z9n7k_x968lfd144ssfxj7fh0000gp/T/XcodeDistPipeline.~~~wdQW6i/Root/Payload/meho-ios.app/Frameworks/AWSMobileClient.framework' '--link-dest' '/var/folders/fs/z9n7k_x968lfd144ssfxj7fh0000gp/T/XcodeDistPipeline.~~~wdQW6i/Root/Payload/meho-ios.app/Frameworks' '/var/folders/fs/z9n7k_x968lfd144ssfxj7fh0000gp/T/XcodeDistPipeline.~~~wdQW6i'
2020-04-13 01:11:48 +0000  building file list ... 
2020-04-13 01:11:48 +0000   0 files...2020-04-13 01:11:48 +0000  5 files to consider
2020-04-13 01:11:48 +0000  AWSMobileClient.framework/
2020-04-13 01:11:48 +0000  AWSMobileClient.framework/_CodeSignature/
2020-04-13 01:11:48 +0000  
sent 235 bytes  received 32 bytes  178.00 bytes/sec
total size is 781.05K  speedup is 2995.49
2020-04-13 01:11:48 +0000  /usr/bin/rsync exited with 0
2020-04-13 01:11:48 +0000  Running /usr/bin/rsync '-8aPhhE' '/Users/mehodev/Library/Developer/Xcode/Archives/2020-04-12/meho-ios 4-12-20, 3.25 PM.xcarchive/dSYMs/' '--link-dest' '/Users/mehodev/Library/Developer/Xcode/Archives/2020-04-12/meho-ios 4-12-20, 3.25 PM.xcarchive/dSYMs/' '/var/folders/fs/z9n7k_x968lfd144ssfxj7fh0000gp/T/XcodeDistPipeline.~~~wdQW6i'
2020-04-13 01:11:48 +0000  building file list ... 
2020-04-13 01:11:48 +0000   0 files...2020-04-13 01:11:48 +0000  85 files to consider
2020-04-13 01:11:48 +0000  ./
2020-04-13 01:11:48 +0000  AWSAuthCore.framework.dSYM/
AWSAuthCore.framework.dSYM/Contents/
AWSAuthCore.framework.dSYM/Contents/Resources/
2020-04-13 01:11:48 +0000  AWSAuthCore.framework.dSYM/Contents/Resources/DWARF/
AWSAuthUI.framework.dSYM/
AWSAuthUI.framework.dSYM/Contents/
AWSAuthUI.framework.dSYM/Contents/Resources/
AWSAuthUI.framework.dSYM/Contents/Resources/DWARF/
AWSCognitoIdentityProvider.framework.dSYM/
AWSCognitoIdentityProvider.framework.dSYM/Contents/
AWSCognitoIdentityProvider.framework.dSYM/Contents/Resources/
AWSCognitoIdentityProvider.framework.dSYM/Contents/Resources/DWARF/
AWSCognitoIdentityProviderASF.framework.dSYM/
AWSCognitoIdentityProviderASF.framework.dSYM/Contents/
AWSCognitoIdentityProviderASF.framework.dSYM/Contents/Resources/
AWSCognitoIdentityProviderASF.framework.dSYM/Contents/Resources/DWARF/
AWSCore.framework.dSYM/
AWSCore.framework.dSYM/Contents/
AWSCore.framework.dSYM/Contents/Resources/
AWSCore.framework.dSYM/Contents/Resources/DWARF/
AWSFacebookSignIn.framework.dSYM/
AWSFacebookSignIn.framework.dSYM/Contents/
AWSFacebookSignIn.framework.dSYM/Contents/Resources/
AWSFacebookSignIn.framework.dSYM/Contents/Resources/DWARF/
AWSGoogleSignIn.framework.dSYM/
AWSGoogleSignIn.framework.dSYM/Contents/
2020-04-13 01:11:48 +0000  AWSGoogleSignIn.framework.dSYM/Contents/Resources/
AWSGoogleSignIn.framework.dSYM/Contents/Resources/DWARF/
AWSMobileClient.framework.dSYM/
AWSMobileClient.framework.dSYM/Contents/
AWSMobileClient.framework.dSYM/Contents/Resources/
AWSMobileClient.framework.dSYM/Contents/Resources/DWARF/
AWSUserPoolsSignIn.framework.dSYM/
AWSUserPoolsSignIn.framework.dSYM/Contents/
AWSUserPoolsSignIn.framework.dSYM/Contents/Resources/
AWSUserPoolsSignIn.framework.dSYM/Contents/Resources/DWARF/
FBSDKCoreKit.framework.dSYM/
FBSDKCoreKit.framework.dSYM/Contents/
FBSDKCoreKit.framework.dSYM/Contents/Resources/
FBSDKCoreKit.framework.dSYM/Contents/Resources/DWARF/
FBSDKLoginKit.framework.dSYM/
FBSDKLoginKit.framework.dSYM/Contents/
FBSDKLoginKit.framework.dSYM/Contents/Resources/
FBSDKLoginKit.framework.dSYM/Contents/Resources/DWARF/
GTMSessionFetcher.framework.dSYM/
GTMSessionFetcher.framework.dSYM/Contents/
GTMSessionFetcher.framework.dSYM/Contents/Resources/
2020-04-13 01:11:48 +0000  GTMSessionFetcher.framework.dSYM/Contents/Resources/DWARF/
GoogleToolboxForMac.framework.dSYM/
GoogleToolboxForMac.framework.dSYM/Contents/
GoogleToolboxForMac.framework.dSYM/Contents/Resources/
GoogleToolboxForMac.framework.dSYM/Contents/Resources/DWARF/
meho-ios.app.dSYM/
meho-ios.app.dSYM/Contents/
meho-ios.app.dSYM/Contents/Resources/
meho-ios.app.dSYM/Contents/Resources/DWARF/
2020-04-13 01:11:48 +0000  
2020-04-13 01:11:48 +0000  sent 3.17K bytes  received 530 bytes  7.37K bytes/sec
total size is 46.47M  speedup is 12920.26
2020-04-13 01:11:48 +0000  /usr/bin/rsync exited with 0
2020-04-13 01:11:48 +0000  Running /Applications/Xcode.app/Contents/Developer/usr/bin/symbols '-noTextInSOD' '-noDaemon' '-arch' 'all' '-symbolsPackageDir' '/var/folders/fs/z9n7k_x968lfd144ssfxj7fh0000gp/T/XcodeDistPipeline.~~~wdQW6i/Symbols' '/var/folders/fs/z9n7k_x968lfd144ssfxj7fh0000gp/T/XcodeDistPipeline.~~~wdQW6i/AWSMobileClient.framework.dSYM/Contents/Resources/Dwarf/AWSMobileClient'
2020-04-13 01:11:48 +0000  /var/folders/fs/z9n7k_x968lfd144ssfxj7fh0000gp/T/XcodeDistPipeline.~~~wdQW6i/AWSMobileClient.framework.dSYM/Contents/Resources/Dwarf/AWSMobileClient [armv7, 0.036304 seconds]:
/var/folders/fs/z9n7k_x968lfd144ssfxj7fh0000gp/T/XcodeDistPipeline.~~~wdQW6i/AWSMobileClient.framework.dSYM/Contents/Resources/Dwarf/AWSMobileClient [arm64, 0.036304 seconds]:
2020-04-13 01:11:48 +0000  /Applications/Xcode.app/Contents/Developer/usr/bin/symbols exited with 0
2020-04-13 01:11:48 +0000  Processing symbols for AWSUserPoolsSignIn.framework
2020-04-13 01:11:48 +0000  Running /usr/bin/rsync '-8aPhhE' '/var/folders/fs/z9n7k_x968lfd144ssfxj7fh0000gp/T/XcodeDistPipeline.~~~wdQW6i/Root/Payload/meho-ios.app/Frameworks/AWSUserPoolsSignIn.framework' '--link-dest' '/var/folders/fs/z9n7k_x968lfd144ssfxj7fh0000gp/T/XcodeDistPipeline.~~~wdQW6i/Root/Payload/meho-ios.app/Frameworks' '/var/folders/fs/z9n7k_x968lfd144ssfxj7fh0000gp/T/XcodeDistPipeline.~~~wdQW6i'
2020-04-13 01:11:48 +0000  building file list ... 
2020-04-13 01:11:48 +0000   0 files...2020-04-13 01:11:48 +0000  48 files to consider
2020-04-13 01:11:48 +0000  AWSUserPoolsSignIn.framework/
2020-04-13 01:11:48 +0000  AWSUserPoolsSignIn.framework/AWSUserPoolsSignIn.bundle/
AWSUserPoolsSignIn.framework/AWSUserPoolsSignIn.bundle/AWSUserPools.storyboardc/
2020-04-13 01:11:48 +0000  AWSUserPoolsSignIn.framework/AWSUserPoolsSignIn.bundle/AWSUserPools.storyboardc/Fee-Hn-G0A-view-3Ww-qO-xXn.nib/
AWSUserPoolsSignIn.framework/AWSUserPoolsSignIn.bundle/AWSUserPools.storyboardc/ForgotPassword.nib/
AWSUserPoolsSignIn.framework/AWSUserPoolsSignIn.bundle/AWSUserPools.storyboardc/MFA.nib/
AWSUserPoolsSignIn.framework/AWSUserPoolsSignIn.bundle/AWSUserPools.storyboardc/NewPasswordRequired.nib/
AWSUserPoolsSignIn.framework/AWSUserPoolsSignIn.bundle/AWSUserPools.storyboardc/P72-4o-dGU-view-mvy-xA-fuB.nib/
AWSUserPoolsSignIn.framework/AWSUserPoolsSignIn.bundle/AWSUserPools.storyboardc/SignUp.nib/
AWSUserPoolsSignIn.framework/AWSUserPoolsSignIn.bundle/AWSUserPools.storyboardc/SignUpConfirmation.nib/
AWSUserPoolsSignIn.framework/AWSUserPoolsSignIn.bundle/AWSUserPools.storyboardc/UINavigationController-SfA-Z0-41u.nib/
AWSUserPoolsSignIn.framework/AWSUserPoolsSignIn.bundle/AWSUserPools.storyboardc/UIViewController-Wwt-zD-yTe.nib/
AWSUserPoolsSignIn.framework/AWSUserPoolsSignIn.bundle/AWSUserPools.storyboardc/Wwt-zD-yTe-view-sSU-fu-YjH.nib/
AWSUserPoolsSignIn.framework/AWSUserPoolsSignIn.bundle/AWSUserPools.storyboardc/aLx-S5-wTI-view-dxd-xU-1jy.nib/
AWSUserPoolsSignIn.framework/AWSUserPoolsSignIn.bundle/AWSUserPools.storyboardc/oYn-kQ-Tog-view-bRf-kC-3Qf.nib/
AWSUserPoolsSignIn.framework/AWSUserPoolsSignIn.bundle/AWSUserPools.storyboardc/tBM-jZ-I7y-view-Z83-6q-CAy.nib/
AWSUserPoolsSignIn.framework/_CodeSignature/
2020-04-13 01:11:48 +0000  
2020-04-13 01:11:48 +0000  sent 1.80K bytes  received 122 bytes  3.84K bytes/sec
total size is 421.64K  speedup is 219.39
2020-04-13 01:11:48 +0000  /usr/bin/rsync exited with 0
2020-04-13 01:11:48 +0000  Running /usr/bin/rsync '-8aPhhE' '/Users/mehodev/Library/Developer/Xcode/Archives/2020-04-12/meho-ios 4-12-20, 3.25 PM.xcarchive/dSYMs/' '--link-dest' '/Users/mehodev/Library/Developer/Xcode/Archives/2020-04-12/meho-ios 4-12-20, 3.25 PM.xcarchive/dSYMs/' '/var/folders/fs/z9n7k_x968lfd144ssfxj7fh0000gp/T/XcodeDistPipeline.~~~wdQW6i'
2020-04-13 01:11:48 +0000  building file list ... 
2020-04-13 01:11:48 +0000   0 files...2020-04-13 01:11:48 +0000  85 files to consider
2020-04-13 01:11:48 +0000  ./
2020-04-13 01:11:48 +0000  AWSAuthCore.framework.dSYM/
AWSAuthCore.framework.dSYM/Contents/
AWSAuthCore.framework.dSYM/Contents/Resources/
AWSAuthCore.framework.dSYM/Contents/Resources/DWARF/
AWSAuthUI.framework.dSYM/
2020-04-13 01:11:48 +0000  AWSAuthUI.framework.dSYM/Contents/
AWSAuthUI.framework.dSYM/Contents/Resources/
AWSAuthUI.framework.dSYM/Contents/Resources/DWARF/
AWSCognitoIdentityProvider.framework.dSYM/
AWSCognitoIdentityProvider.framework.dSYM/Contents/
AWSCognitoIdentityProvider.framework.dSYM/Contents/Resources/
AWSCognitoIdentityProvider.framework.dSYM/Contents/Resources/DWARF/
AWSCognitoIdentityProviderASF.framework.dSYM/
AWSCognitoIdentityProviderASF.framework.dSYM/Contents/
AWSCognitoIdentityProviderASF.framework.dSYM/Contents/Resources/
AWSCognitoIdentityProviderASF.framework.dSYM/Contents/Resources/DWARF/
AWSCore.framework.dSYM/
AWSCore.framework.dSYM/Contents/
AWSCore.framework.dSYM/Contents/Resources/
AWSCore.framework.dSYM/Contents/Resources/DWARF/
AWSFacebookSignIn.framework.dSYM/
AWSFacebookSignIn.framework.dSYM/Contents/
AWSFacebookSignIn.framework.dSYM/Contents/Resources/
AWSFacebookSignIn.framework.dSYM/Contents/Resources/DWARF/
2020-04-13 01:11:48 +0000  AWSGoogleSignIn.framework.dSYM/
AWSGoogleSignIn.framework.dSYM/Contents/
AWSGoogleSignIn.framework.dSYM/Contents/Resources/
AWSGoogleSignIn.framework.dSYM/Contents/Resources/DWARF/
AWSMobileClient.framework.dSYM/
AWSMobileClient.framework.dSYM/Contents/
AWSMobileClient.framework.dSYM/Contents/Resources/
AWSMobileClient.framework.dSYM/Contents/Resources/DWARF/
AWSUserPoolsSignIn.framework.dSYM/
AWSUserPoolsSignIn.framework.dSYM/Contents/
AWSUserPoolsSignIn.framework.dSYM/Contents/Resources/
AWSUserPoolsSignIn.framework.dSYM/Contents/Resources/DWARF/
FBSDKCoreKit.framework.dSYM/
FBSDKCoreKit.framework.dSYM/Contents/
FBSDKCoreKit.framework.dSYM/Contents/Resources/
FBSDKCoreKit.framework.dSYM/Contents/Resources/DWARF/
FBSDKLoginKit.framework.dSYM/
FBSDKLoginKit.framework.dSYM/Contents/
2020-04-13 01:11:48 +0000  FBSDKLoginKit.framework.dSYM/Contents/Resources/
FBSDKLoginKit.framework.dSYM/Contents/Resources/DWARF/
GTMSessionFetcher.framework.dSYM/
GTMSessionFetcher.framework.dSYM/Contents/
GTMSessionFetcher.framework.dSYM/Contents/Resources/
GTMSessionFetcher.framework.dSYM/Contents/Resources/DWARF/
GoogleToolboxForMac.framework.dSYM/
GoogleToolboxForMac.framework.dSYM/Contents/
GoogleToolboxForMac.framework.dSYM/Contents/Resources/
GoogleToolboxForMac.framework.dSYM/Contents/Resources/DWARF/
meho-ios.app.dSYM/
meho-ios.app.dSYM/Contents/
meho-ios.app.dSYM/Contents/Resources/
meho-ios.app.dSYM/Contents/Resources/DWARF/
2020-04-13 01:11:48 +0000  
sent 3.17K bytes  received 530 bytes  7.37K bytes/sec
2020-04-13 01:11:48 +0000  total size is 46.47M  speedup is 12920.26
2020-04-13 01:11:48 +0000  /usr/bin/rsync exited with 0
2020-04-13 01:11:48 +0000  Running /Applications/Xcode.app/Contents/Developer/usr/bin/symbols '-noTextInSOD' '-noDaemon' '-arch' 'all' '-symbolsPackageDir' '/var/folders/fs/z9n7k_x968lfd144ssfxj7fh0000gp/T/XcodeDistPipeline.~~~wdQW6i/Symbols' '/var/folders/fs/z9n7k_x968lfd144ssfxj7fh0000gp/T/XcodeDistPipeline.~~~wdQW6i/AWSUserPoolsSignIn.framework.dSYM/Contents/Resources/Dwarf/AWSUserPoolsSignIn'
2020-04-13 01:11:48 +0000  /var/folders/fs/z9n7k_x968lfd144ssfxj7fh0000gp/T/XcodeDistPipeline.~~~wdQW6i/AWSUserPoolsSignIn.framework.dSYM/Contents/Resources/Dwarf/AWSUserPoolsSignIn [armv7, 0.009620 seconds]:
/var/folders/fs/z9n7k_x968lfd144ssfxj7fh0000gp/T/XcodeDistPipeline.~~~wdQW6i/AWSUserPoolsSignIn.framework.dSYM/Contents/Resources/Dwarf/AWSUserPoolsSignIn [arm64, 0.009620 seconds]:
2020-04-13 01:11:48 +0000  /Applications/Xcode.app/Contents/Developer/usr/bin/symbols exited with 0
2020-04-13 01:11:48 +0000  Processing symbols for FBSDKCoreKit.framework
2020-04-13 01:11:48 +0000  Running /usr/bin/rsync '-8aPhhE' '/var/folders/fs/z9n7k_x968lfd144ssfxj7fh0000gp/T/XcodeDistPipeline.~~~wdQW6i/Root/Payload/meho-ios.app/Frameworks/FBSDKCoreKit.framework' '--link-dest' '/var/folders/fs/z9n7k_x968lfd144ssfxj7fh0000gp/T/XcodeDistPipeline.~~~wdQW6i/Root/Payload/meho-ios.app/Frameworks' '/var/folders/fs/z9n7k_x968lfd144ssfxj7fh0000gp/T/XcodeDistPipeline.~~~wdQW6i'
2020-04-13 01:11:48 +0000  building file list ... 
2020-04-13 01:11:48 +0000   0 files...2020-04-13 01:11:48 +0000  95 files to consider
2020-04-13 01:11:48 +0000  FBSDKCoreKit.framework/
2020-04-13 01:11:48 +0000  FBSDKCoreKit.framework/FacebookSDKStrings.bundle/
FBSDKCoreKit.framework/FacebookSDKStrings.bundle/Resources/
2020-04-13 01:11:48 +0000  FBSDKCoreKit.framework/FacebookSDKStrings.bundle/Resources/af.lproj/
FBSDKCoreKit.framework/FacebookSDKStrings.bundle/Resources/ar.lproj/
FBSDKCoreKit.framework/FacebookSDKStrings.bundle/Resources/bn.lproj/
FBSDKCoreKit.framework/FacebookSDKStrings.bundle/Resources/cs.lproj/
FBSDKCoreKit.framework/FacebookSDKStrings.bundle/Resources/da.lproj/
FBSDKCoreKit.framework/FacebookSDKStrings.bundle/Resources/de.lproj/
FBSDKCoreKit.framework/FacebookSDKStrings.bundle/Resources/el.lproj/
FBSDKCoreKit.framework/FacebookSDKStrings.bundle/Resources/en.lproj/
FBSDKCoreKit.framework/FacebookSDKStrings.bundle/Resources/en_GB.lproj/
FBSDKCoreKit.framework/FacebookSDKStrings.bundle/Resources/es.lproj/
FBSDKCoreKit.framework/FacebookSDKStrings.bundle/Resources/es_ES.lproj/
FBSDKCoreKit.framework/FacebookSDKStrings.bundle/Resources/fi.lproj/
FBSDKCoreKit.framework/FacebookSDKStrings.bundle/Resources/fil.lproj/
FBSDKCoreKit.framework/FacebookSDKStrings.bundle/Resources/fr.lproj/
FBSDKCoreKit.framework/FacebookSDKStrings.bundle/Resources/gu.lproj/
FBSDKCoreKit.framework/FacebookSDKStrings.bundle/Resources/he.lproj/
FBSDKCoreKit.framework/FacebookSDKStrings.bundle/Resources/hi.lproj/
FBSDKCoreKit.framework/FacebookSDKStrings.bundle/Resources/hr.lproj/
FBSDKCoreKit.framework/FacebookSDKStrings.bundle/Resources/hu.lproj/
FBSDKCoreKit.framework/FacebookSDKStrings.bundle/Resources/id.lproj/
FBSDKCoreKit.framework/FacebookSDKStrings.bundle/Resources/it.lproj/
FBSDKCoreKit.framework/FacebookSDKStrings.bundle/Resources/ja.lproj/
FBSDKCoreKit.framework/FacebookSDKStrings.bundle/Resources/kn.lproj/
FBSDKCoreKit.framework/FacebookSDKStrings.bundle/Resources/ko.lproj/
FBSDKCoreKit.framework/FacebookSDKStrings.bundle/Resources/ml.lproj/
FBSDKCoreKit.framework/FacebookSDKStrings.bundle/Resources/mr.lproj/
FBSDKCoreKit.framework/FacebookSDKStrings.bundle/Resources/ms.lproj/
FBSDKCoreKit.framework/FacebookSDKStrings.bundle/Resources/nb.lproj/
FBSDKCoreKit.framework/FacebookSDKStrings.bundle/Resources/nl.lproj/
FBSDKCoreKit.framework/FacebookSDKStrings.bundle/Resources/pa.lproj/
FBSDKCoreKit.framework/FacebookSDKStrings.bundle/Resources/pl.lproj/
FBSDKCoreKit.framework/FacebookSDKStrings.bundle/Resources/pt.lproj/
FBSDKCoreKit.framework/FacebookSDKStrings.bundle/Resources/pt_PT.lproj/
FBSDKCoreKit.framework/FacebookSDKStrings.bundle/Resources/ru.lproj/
2020-04-13 01:11:48 +0000  FBSDKCoreKit.framework/FacebookSDKStrings.bundle/Resources/sk.lproj/
FBSDKCoreKit.framework/FacebookSDKStrings.bundle/Resources/sv.lproj/
FBSDKCoreKit.framework/FacebookSDKStrings.bundle/Resources/ta.lproj/
FBSDKCoreKit.framework/FacebookSDKStrings.bundle/Resources/te.lproj/
FBSDKCoreKit.framework/FacebookSDKStrings.bundle/Resources/th.lproj/
FBSDKCoreKit.framework/FacebookSDKStrings.bundle/Resources/tr.lproj/
FBSDKCoreKit.framework/FacebookSDKStrings.bundle/Resources/vi.lproj/
FBSDKCoreKit.framework/FacebookSDKStrings.bundle/Resources/zh.lproj/
FBSDKCoreKit.framework/FacebookSDKStrings.bundle/Resources/zh_Hant_HK.lproj/
FBSDKCoreKit.framework/FacebookSDKStrings.bundle/Resources/zh_Hant_TW.lproj/
FBSDKCoreKit.framework/_CodeSignature/
2020-04-13 01:11:48 +0000  
sent 2.87K bytes  received 308 bytes  6.34K bytes/sec
2020-04-13 01:11:48 +0000  total size is 1.43M  speedup is 462.74
2020-04-13 01:11:48 +0000  /usr/bin/rsync exited with 0
2020-04-13 01:11:48 +0000  Running /usr/bin/rsync '-8aPhhE' '/Users/mehodev/Library/Developer/Xcode/Archives/2020-04-12/meho-ios 4-12-20, 3.25 PM.xcarchive/dSYMs/' '--link-dest' '/Users/mehodev/Library/Developer/Xcode/Archives/2020-04-12/meho-ios 4-12-20, 3.25 PM.xcarchive/dSYMs/' '/var/folders/fs/z9n7k_x968lfd144ssfxj7fh0000gp/T/XcodeDistPipeline.~~~wdQW6i'
2020-04-13 01:11:48 +0000  building file list ... 
2020-04-13 01:11:48 +0000   0 files...2020-04-13 01:11:48 +0000  85 files to consider
2020-04-13 01:11:48 +0000  ./
2020-04-13 01:11:48 +0000  AWSAuthCore.framework.dSYM/
AWSAuthCore.framework.dSYM/Contents/
AWSAuthCore.framework.dSYM/Contents/Resources/
2020-04-13 01:11:48 +0000  AWSAuthCore.framework.dSYM/Contents/Resources/DWARF/
AWSAuthUI.framework.dSYM/
AWSAuthUI.framework.dSYM/Contents/
AWSAuthUI.framework.dSYM/Contents/Resources/
AWSAuthUI.framework.dSYM/Contents/Resources/DWARF/
AWSCognitoIdentityProvider.framework.dSYM/
AWSCognitoIdentityProvider.framework.dSYM/Contents/
AWSCognitoIdentityProvider.framework.dSYM/Contents/Resources/
AWSCognitoIdentityProvider.framework.dSYM/Contents/Resources/DWARF/
AWSCognitoIdentityProviderASF.framework.dSYM/
AWSCognitoIdentityProviderASF.framework.dSYM/Contents/
AWSCognitoIdentityProviderASF.framework.dSYM/Contents/Resources/
AWSCognitoIdentityProviderASF.framework.dSYM/Contents/Resources/DWARF/
AWSCore.framework.dSYM/
AWSCore.framework.dSYM/Contents/
AWSCore.framework.dSYM/Contents/Resources/
AWSCore.framework.dSYM/Contents/Resources/DWARF/
AWSFacebookSignIn.framework.dSYM/
AWSFacebookSignIn.framework.dSYM/Contents/
AWSFacebookSignIn.framework.dSYM/Contents/Resources/
AWSFacebookSignIn.framework.dSYM/Contents/Resources/DWARF/
AWSGoogleSignIn.framework.dSYM/
AWSGoogleSignIn.framework.dSYM/Contents/
2020-04-13 01:11:48 +0000  AWSGoogleSignIn.framework.dSYM/Contents/Resources/
AWSGoogleSignIn.framework.dSYM/Contents/Resources/DWARF/
AWSMobileClient.framework.dSYM/
AWSMobileClient.framework.dSYM/Contents/
AWSMobileClient.framework.dSYM/Contents/Resources/
AWSMobileClient.framework.dSYM/Contents/Resources/DWARF/
AWSUserPoolsSignIn.framework.dSYM/
AWSUserPoolsSignIn.framework.dSYM/Contents/
AWSUserPoolsSignIn.framework.dSYM/Contents/Resources/
AWSUserPoolsSignIn.framework.dSYM/Contents/Resources/DWARF/
FBSDKCoreKit.framework.dSYM/
FBSDKCoreKit.framework.dSYM/Contents/
FBSDKCoreKit.framework.dSYM/Contents/Resources/
FBSDKCoreKit.framework.dSYM/Contents/Resources/DWARF/
FBSDKLoginKit.framework.dSYM/
FBSDKLoginKit.framework.dSYM/Contents/
FBSDKLoginKit.framework.dSYM/Contents/Resources/
FBSDKLoginKit.framework.dSYM/Contents/Resources/DWARF/
GTMSessionFetcher.framework.dSYM/
GTMSessionFetcher.framework.dSYM/Contents/
GTMSessionFetcher.framework.dSYM/Contents/Resources/
GTMSessionFetcher.framework.dSYM/Contents/Resources/DWARF/
2020-04-13 01:11:48 +0000  GoogleToolboxForMac.framework.dSYM/
GoogleToolboxForMac.framework.dSYM/Contents/
GoogleToolboxForMac.framework.dSYM/Contents/Resources/
GoogleToolboxForMac.framework.dSYM/Contents/Resources/DWARF/
meho-ios.app.dSYM/
meho-ios.app.dSYM/Contents/
meho-ios.app.dSYM/Contents/Resources/
meho-ios.app.dSYM/Contents/Resources/DWARF/
2020-04-13 01:11:48 +0000  
sent 3.17K bytes  received 530 bytes  7.37K bytes/sec
total size is 46.47M  speedup is 12920.26
2020-04-13 01:11:48 +0000  /usr/bin/rsync exited with 0
2020-04-13 01:11:48 +0000  Running /Applications/Xcode.app/Contents/Developer/usr/bin/symbols '-noTextInSOD' '-noDaemon' '-arch' 'all' '-symbolsPackageDir' '/var/folders/fs/z9n7k_x968lfd144ssfxj7fh0000gp/T/XcodeDistPipeline.~~~wdQW6i/Symbols' '/var/folders/fs/z9n7k_x968lfd144ssfxj7fh0000gp/T/XcodeDistPipeline.~~~wdQW6i/FBSDKCoreKit.framework.dSYM/Contents/Resources/Dwarf/FBSDKCoreKit'
2020-04-13 01:11:48 +0000  /var/folders/fs/z9n7k_x968lfd144ssfxj7fh0000gp/T/XcodeDistPipeline.~~~wdQW6i/FBSDKCoreKit.framework.dSYM/Contents/Resources/Dwarf/FBSDKCoreKit [armv7, 0.036517 seconds]:
/var/folders/fs/z9n7k_x968lfd144ssfxj7fh0000gp/T/XcodeDistPipeline.~~~wdQW6i/FBSDKCoreKit.framework.dSYM/Contents/Resources/Dwarf/FBSDKCoreKit [arm64, 0.036517 seconds]:
2020-04-13 01:11:48 +0000  /Applications/Xcode.app/Contents/Developer/usr/bin/symbols exited with 0
2020-04-13 01:11:48 +0000  Processing symbols for FBSDKLoginKit.framework
2020-04-13 01:11:48 +0000  Running /usr/bin/rsync '-8aPhhE' '/var/folders/fs/z9n7k_x968lfd144ssfxj7fh0000gp/T/XcodeDistPipeline.~~~wdQW6i/Root/Payload/meho-ios.app/Frameworks/FBSDKLoginKit.framework' '--link-dest' '/var/folders/fs/z9n7k_x968lfd144ssfxj7fh0000gp/T/XcodeDistPipeline.~~~wdQW6i/Root/Payload/meho-ios.app/Frameworks' '/var/folders/fs/z9n7k_x968lfd144ssfxj7fh0000gp/T/XcodeDistPipeline.~~~wdQW6i'
2020-04-13 01:11:48 +0000  building file list ... 
2020-04-13 01:11:48 +0000   0 files...2020-04-13 01:11:48 +0000  5 files to consider
2020-04-13 01:11:48 +0000  FBSDKLoginKit.framework/
2020-04-13 01:11:48 +0000  FBSDKLoginKit.framework/_CodeSignature/
2020-04-13 01:11:48 +0000  
2020-04-13 01:11:48 +0000  sent 231 bytes  received 32 bytes  526.00 bytes/sec
total size is 260.38K  speedup is 1013.79
2020-04-13 01:11:48 +0000  /usr/bin/rsync exited with 0
2020-04-13 01:11:48 +0000  Running /usr/bin/rsync '-8aPhhE' '/Users/mehodev/Library/Developer/Xcode/Archives/2020-04-12/meho-ios 4-12-20, 3.25 PM.xcarchive/dSYMs/' '--link-dest' '/Users/mehodev/Library/Developer/Xcode/Archives/2020-04-12/meho-ios 4-12-20, 3.25 PM.xcarchive/dSYMs/' '/var/folders/fs/z9n7k_x968lfd144ssfxj7fh0000gp/T/XcodeDistPipeline.~~~wdQW6i'
2020-04-13 01:11:48 +0000  building file list ... 
2020-04-13 01:11:48 +0000   0 files...2020-04-13 01:11:48 +0000  85 files to consider
2020-04-13 01:11:48 +0000  ./
2020-04-13 01:11:48 +0000  AWSAuthCore.framework.dSYM/
AWSAuthCore.framework.dSYM/Contents/
AWSAuthCore.framework.dSYM/Contents/Resources/
2020-04-13 01:11:48 +0000  AWSAuthCore.framework.dSYM/Contents/Resources/DWARF/
AWSAuthUI.framework.dSYM/
AWSAuthUI.framework.dSYM/Contents/
AWSAuthUI.framework.dSYM/Contents/Resources/
AWSAuthUI.framework.dSYM/Contents/Resources/DWARF/
AWSCognitoIdentityProvider.framework.dSYM/
AWSCognitoIdentityProvider.framework.dSYM/Contents/
AWSCognitoIdentityProvider.framework.dSYM/Contents/Resources/
AWSCognitoIdentityProvider.framework.dSYM/Contents/Resources/DWARF/
AWSCognitoIdentityProviderASF.framework.dSYM/
AWSCognitoIdentityProviderASF.framework.dSYM/Contents/
AWSCognitoIdentityProviderASF.framework.dSYM/Contents/Resources/
AWSCognitoIdentityProviderASF.framework.dSYM/Contents/Resources/DWARF/
AWSCore.framework.dSYM/
AWSCore.framework.dSYM/Contents/
AWSCore.framework.dSYM/Contents/Resources/
AWSCore.framework.dSYM/Contents/Resources/DWARF/
AWSFacebookSignIn.framework.dSYM/
AWSFacebookSignIn.framework.dSYM/Contents/
AWSFacebookSignIn.framework.dSYM/Contents/Resources/
AWSFacebookSignIn.framework.dSYM/Contents/Resources/DWARF/
AWSGoogleSignIn.framework.dSYM/
AWSGoogleSignIn.framework.dSYM/Contents/
2020-04-13 01:11:48 +0000  AWSGoogleSignIn.framework.dSYM/Contents/Resources/
AWSGoogleSignIn.framework.dSYM/Contents/Resources/DWARF/
AWSMobileClient.framework.dSYM/
AWSMobileClient.framework.dSYM/Contents/
AWSMobileClient.framework.dSYM/Contents/Resources/
AWSMobileClient.framework.dSYM/Contents/Resources/DWARF/
AWSUserPoolsSignIn.framework.dSYM/
AWSUserPoolsSignIn.framework.dSYM/Contents/
AWSUserPoolsSignIn.framework.dSYM/Contents/Resources/
AWSUserPoolsSignIn.framework.dSYM/Contents/Resources/DWARF/
FBSDKCoreKit.framework.dSYM/
FBSDKCoreKit.framework.dSYM/Contents/
FBSDKCoreKit.framework.dSYM/Contents/Resources/
FBSDKCoreKit.framework.dSYM/Contents/Resources/DWARF/
FBSDKLoginKit.framework.dSYM/
FBSDKLoginKit.framework.dSYM/Contents/
FBSDKLoginKit.framework.dSYM/Contents/Resources/
FBSDKLoginKit.framework.dSYM/Contents/Resources/DWARF/
GTMSessionFetcher.framework.dSYM/
GTMSessionFetcher.framework.dSYM/Contents/
GTMSessionFetcher.framework.dSYM/Contents/Resources/
2020-04-13 01:11:48 +0000  GTMSessionFetcher.framework.dSYM/Contents/Resources/DWARF/
GoogleToolboxForMac.framework.dSYM/
GoogleToolboxForMac.framework.dSYM/Contents/
GoogleToolboxForMac.framework.dSYM/Contents/Resources/
GoogleToolboxForMac.framework.dSYM/Contents/Resources/DWARF/
meho-ios.app.dSYM/
meho-ios.app.dSYM/Contents/
meho-ios.app.dSYM/Contents/Resources/
meho-ios.app.dSYM/Contents/Resources/DWARF/
2020-04-13 01:11:48 +0000  
2020-04-13 01:11:48 +0000  sent 3.17K bytes  received 530 bytes  7.37K bytes/sec
total size is 46.47M  speedup is 12920.26
2020-04-13 01:11:48 +0000  /usr/bin/rsync exited with 0
2020-04-13 01:11:48 +0000  Running /Applications/Xcode.app/Contents/Developer/usr/bin/symbols '-noTextInSOD' '-noDaemon' '-arch' 'all' '-symbolsPackageDir' '/var/folders/fs/z9n7k_x968lfd144ssfxj7fh0000gp/T/XcodeDistPipeline.~~~wdQW6i/Symbols' '/var/folders/fs/z9n7k_x968lfd144ssfxj7fh0000gp/T/XcodeDistPipeline.~~~wdQW6i/FBSDKLoginKit.framework.dSYM/Contents/Resources/Dwarf/FBSDKLoginKit'
2020-04-13 01:11:48 +0000  /var/folders/fs/z9n7k_x968lfd144ssfxj7fh0000gp/T/XcodeDistPipeline.~~~wdQW6i/FBSDKLoginKit.framework.dSYM/Contents/Resources/Dwarf/FBSDKLoginKit [armv7, 0.010480 seconds]:
/var/folders/fs/z9n7k_x968lfd144ssfxj7fh0000gp/T/XcodeDistPipeline.~~~wdQW6i/FBSDKLoginKit.framework.dSYM/Contents/Resources/Dwarf/FBSDKLoginKit [arm64, 0.010480 seconds]:
2020-04-13 01:11:48 +0000  /Applications/Xcode.app/Contents/Developer/usr/bin/symbols exited with 0
2020-04-13 01:11:48 +0000  Processing symbols for GTMSessionFetcher.framework
2020-04-13 01:11:48 +0000  Running /usr/bin/rsync '-8aPhhE' '/var/folders/fs/z9n7k_x968lfd144ssfxj7fh0000gp/T/XcodeDistPipeline.~~~wdQW6i/Root/Payload/meho-ios.app/Frameworks/GTMSessionFetcher.framework' '--link-dest' '/var/folders/fs/z9n7k_x968lfd144ssfxj7fh0000gp/T/XcodeDistPipeline.~~~wdQW6i/Root/Payload/meho-ios.app/Frameworks' '/var/folders/fs/z9n7k_x968lfd144ssfxj7fh0000gp/T/XcodeDistPipeline.~~~wdQW6i'
2020-04-13 01:11:48 +0000  building file list ... 
2020-04-13 01:11:48 +0000   0 files...2020-04-13 01:11:48 +0000  5 files to consider
2020-04-13 01:11:48 +0000  GTMSessionFetcher.framework/
2020-04-13 01:11:48 +0000  GTMSessionFetcher.framework/_CodeSignature/
2020-04-13 01:11:48 +0000  
sent 239 bytes  received 32 bytes  542.00 bytes/sec
total size is 404.80K  speedup is 1529.58
2020-04-13 01:11:48 +0000  /usr/bin/rsync exited with 0
2020-04-13 01:11:48 +0000  Running /usr/bin/rsync '-8aPhhE' '/Users/mehodev/Library/Developer/Xcode/Archives/2020-04-12/meho-ios 4-12-20, 3.25 PM.xcarchive/dSYMs/' '--link-dest' '/Users/mehodev/Library/Developer/Xcode/Archives/2020-04-12/meho-ios 4-12-20, 3.25 PM.xcarchive/dSYMs/' '/var/folders/fs/z9n7k_x968lfd144ssfxj7fh0000gp/T/XcodeDistPipeline.~~~wdQW6i'
2020-04-13 01:11:48 +0000  building file list ... 
2020-04-13 01:11:48 +0000   0 files...2020-04-13 01:11:48 +0000  85 files to consider
2020-04-13 01:11:48 +0000  ./
2020-04-13 01:11:48 +0000  AWSAuthCore.framework.dSYM/
AWSAuthCore.framework.dSYM/Contents/
AWSAuthCore.framework.dSYM/Contents/Resources/
AWSAuthCore.framework.dSYM/Contents/Resources/DWARF/
AWSAuthUI.framework.dSYM/
AWSAuthUI.framework.dSYM/Contents/
2020-04-13 01:11:48 +0000  AWSAuthUI.framework.dSYM/Contents/Resources/
AWSAuthUI.framework.dSYM/Contents/Resources/DWARF/
AWSCognitoIdentityProvider.framework.dSYM/
AWSCognitoIdentityProvider.framework.dSYM/Contents/
AWSCognitoIdentityProvider.framework.dSYM/Contents/Resources/
AWSCognitoIdentityProvider.framework.dSYM/Contents/Resources/DWARF/
AWSCognitoIdentityProviderASF.framework.dSYM/
AWSCognitoIdentityProviderASF.framework.dSYM/Contents/
AWSCognitoIdentityProviderASF.framework.dSYM/Contents/Resources/
AWSCognitoIdentityProviderASF.framework.dSYM/Contents/Resources/DWARF/
AWSCore.framework.dSYM/
AWSCore.framework.dSYM/Contents/
AWSCore.framework.dSYM/Contents/Resources/
AWSCore.framework.dSYM/Contents/Resources/DWARF/
AWSFacebookSignIn.framework.dSYM/
AWSFacebookSignIn.framework.dSYM/Contents/
AWSFacebookSignIn.framework.dSYM/Contents/Resources/
AWSFacebookSignIn.framework.dSYM/Contents/Resources/DWARF/
AWSGoogleSignIn.framework.dSYM/
AWSGoogleSignIn.framework.dSYM/Contents/
AWSGoogleSignIn.framework.dSYM/Contents/Resources/
AWSGoogleSignIn.framework.dSYM/Contents/Resources/DWARF/
AWSMobileClient.framework.dSYM/
AWSMobileClient.framework.dSYM/Contents/
2020-04-13 01:11:48 +0000  AWSMobileClient.framework.dSYM/Contents/Resources/
AWSMobileClient.framework.dSYM/Contents/Resources/DWARF/
AWSUserPoolsSignIn.framework.dSYM/
AWSUserPoolsSignIn.framework.dSYM/Contents/
AWSUserPoolsSignIn.framework.dSYM/Contents/Resources/
AWSUserPoolsSignIn.framework.dSYM/Contents/Resources/DWARF/
FBSDKCoreKit.framework.dSYM/
FBSDKCoreKit.framework.dSYM/Contents/
FBSDKCoreKit.framework.dSYM/Contents/Resources/
FBSDKCoreKit.framework.dSYM/Contents/Resources/DWARF/
FBSDKLoginKit.framework.dSYM/
FBSDKLoginKit.framework.dSYM/Contents/
FBSDKLoginKit.framework.dSYM/Contents/Resources/
FBSDKLoginKit.framework.dSYM/Contents/Resources/DWARF/
GTMSessionFetcher.framework.dSYM/
GTMSessionFetcher.framework.dSYM/Contents/
GTMSessionFetcher.framework.dSYM/Contents/Resources/
GTMSessionFetcher.framework.dSYM/Contents/Resources/DWARF/
GoogleToolboxForMac.framework.dSYM/
GoogleToolboxForMac.framework.dSYM/Contents/
GoogleToolboxForMac.framework.dSYM/Contents/Resources/
GoogleToolboxForMac.framework.dSYM/Contents/Resources/DWARF/
2020-04-13 01:11:48 +0000  meho-ios.app.dSYM/
meho-ios.app.dSYM/Contents/
meho-ios.app.dSYM/Contents/Resources/
meho-ios.app.dSYM/Contents/Resources/DWARF/
2020-04-13 01:11:48 +0000  
2020-04-13 01:11:48 +0000  sent 3.17K bytes  received 530 bytes  7.37K bytes/sec
total size is 46.47M  speedup is 12920.26
2020-04-13 01:11:48 +0000  /usr/bin/rsync exited with 0
2020-04-13 01:11:48 +0000  Running /Applications/Xcode.app/Contents/Developer/usr/bin/symbols '-noTextInSOD' '-noDaemon' '-arch' 'all' '-symbolsPackageDir' '/var/folders/fs/z9n7k_x968lfd144ssfxj7fh0000gp/T/XcodeDistPipeline.~~~wdQW6i/Symbols' '/var/folders/fs/z9n7k_x968lfd144ssfxj7fh0000gp/T/XcodeDistPipeline.~~~wdQW6i/GTMSessionFetcher.framework.dSYM/Contents/Resources/Dwarf/GTMSessionFetcher'
2020-04-13 01:11:48 +0000  /var/folders/fs/z9n7k_x968lfd144ssfxj7fh0000gp/T/XcodeDistPipeline.~~~wdQW6i/GTMSessionFetcher.framework.dSYM/Contents/Resources/Dwarf/GTMSessionFetcher [armv7, 0.012959 seconds]:
/var/folders/fs/z9n7k_x968lfd144ssfxj7fh0000gp/T/XcodeDistPipeline.~~~wdQW6i/GTMSessionFetcher.framework.dSYM/Contents/Resources/Dwarf/GTMSessionFetcher [arm64, 0.012959 seconds]:
2020-04-13 01:11:48 +0000  /Applications/Xcode.app/Contents/Developer/usr/bin/symbols exited with 0
2020-04-13 01:11:48 +0000  Processing symbols for GoogleToolboxForMac.framework
2020-04-13 01:11:48 +0000  Running /usr/bin/rsync '-8aPhhE' '/var/folders/fs/z9n7k_x968lfd144ssfxj7fh0000gp/T/XcodeDistPipeline.~~~wdQW6i/Root/Payload/meho-ios.app/Frameworks/GoogleToolboxForMac.framework' '--link-dest' '/var/folders/fs/z9n7k_x968lfd144ssfxj7fh0000gp/T/XcodeDistPipeline.~~~wdQW6i/Root/Payload/meho-ios.app/Frameworks' '/var/folders/fs/z9n7k_x968lfd144ssfxj7fh0000gp/T/XcodeDistPipeline.~~~wdQW6i'
2020-04-13 01:11:48 +0000  building file list ... 
2020-04-13 01:11:48 +0000   0 files...2020-04-13 01:11:48 +0000  5 files to consider
2020-04-13 01:11:48 +0000  GoogleToolboxForMac.framework/
2020-04-13 01:11:48 +0000  GoogleToolboxForMac.framework/_CodeSignature/
2020-04-13 01:11:48 +0000  
sent 243 bytes  received 32 bytes  550.00 bytes/sec
2020-04-13 01:11:48 +0000  total size is 85.86K  speedup is 319.72
2020-04-13 01:11:48 +0000  /usr/bin/rsync exited with 0
2020-04-13 01:11:48 +0000  Running /usr/bin/rsync '-8aPhhE' '/Users/mehodev/Library/Developer/Xcode/Archives/2020-04-12/meho-ios 4-12-20, 3.25 PM.xcarchive/dSYMs/' '--link-dest' '/Users/mehodev/Library/Developer/Xcode/Archives/2020-04-12/meho-ios 4-12-20, 3.25 PM.xcarchive/dSYMs/' '/var/folders/fs/z9n7k_x968lfd144ssfxj7fh0000gp/T/XcodeDistPipeline.~~~wdQW6i'
2020-04-13 01:11:48 +0000  building file list ... 
2020-04-13 01:11:48 +0000   0 files...2020-04-13 01:11:48 +0000  85 files to consider
2020-04-13 01:11:48 +0000  ./
2020-04-13 01:11:48 +0000  AWSAuthCore.framework.dSYM/
AWSAuthCore.framework.dSYM/Contents/
AWSAuthCore.framework.dSYM/Contents/Resources/
AWSAuthCore.framework.dSYM/Contents/Resources/DWARF/
2020-04-13 01:11:48 +0000  AWSAuthUI.framework.dSYM/
AWSAuthUI.framework.dSYM/Contents/
AWSAuthUI.framework.dSYM/Contents/Resources/
AWSAuthUI.framework.dSYM/Contents/Resources/DWARF/
AWSCognitoIdentityProvider.framework.dSYM/
AWSCognitoIdentityProvider.framework.dSYM/Contents/
AWSCognitoIdentityProvider.framework.dSYM/Contents/Resources/
AWSCognitoIdentityProvider.framework.dSYM/Contents/Resources/DWARF/
AWSCognitoIdentityProviderASF.framework.dSYM/
AWSCognitoIdentityProviderASF.framework.dSYM/Contents/
AWSCognitoIdentityProviderASF.framework.dSYM/Contents/Resources/
AWSCognitoIdentityProviderASF.framework.dSYM/Contents/Resources/DWARF/
AWSCore.framework.dSYM/
AWSCore.framework.dSYM/Contents/
AWSCore.framework.dSYM/Contents/Resources/
AWSCore.framework.dSYM/Contents/Resources/DWARF/
AWSFacebookSignIn.framework.dSYM/
AWSFacebookSignIn.framework.dSYM/Contents/
AWSFacebookSignIn.framework.dSYM/Contents/Resources/
AWSFacebookSignIn.framework.dSYM/Contents/Resources/DWARF/
AWSGoogleSignIn.framework.dSYM/
AWSGoogleSignIn.framework.dSYM/Contents/
AWSGoogleSignIn.framework.dSYM/Contents/Resources/
AWSGoogleSignIn.framework.dSYM/Contents/Resources/DWARF/
AWSMobileClient.framework.dSYM/
AWSMobileClient.framework.dSYM/Contents/
2020-04-13 01:11:48 +0000  AWSMobileClient.framework.dSYM/Contents/Resources/
AWSMobileClient.framework.dSYM/Contents/Resources/DWARF/
AWSUserPoolsSignIn.framework.dSYM/
AWSUserPoolsSignIn.framework.dSYM/Contents/
AWSUserPoolsSignIn.framework.dSYM/Contents/Resources/
AWSUserPoolsSignIn.framework.dSYM/Contents/Resources/DWARF/
FBSDKCoreKit.framework.dSYM/
FBSDKCoreKit.framework.dSYM/Contents/
FBSDKCoreKit.framework.dSYM/Contents/Resources/
FBSDKCoreKit.framework.dSYM/Contents/Resources/DWARF/
FBSDKLoginKit.framework.dSYM/
FBSDKLoginKit.framework.dSYM/Contents/
FBSDKLoginKit.framework.dSYM/Contents/Resources/
FBSDKLoginKit.framework.dSYM/Contents/Resources/DWARF/
GTMSessionFetcher.framework.dSYM/
GTMSessionFetcher.framework.dSYM/Contents/
GTMSessionFetcher.framework.dSYM/Contents/Resources/
GTMSessionFetcher.framework.dSYM/Contents/Resources/DWARF/
GoogleToolboxForMac.framework.dSYM/
GoogleToolboxForMac.framework.dSYM/Contents/
GoogleToolboxForMac.framework.dSYM/Contents/Resources/
GoogleToolboxForMac.framework.dSYM/Contents/Resources/DWARF/
meho-ios.app.dSYM/
2020-04-13 01:11:48 +0000  meho-ios.app.dSYM/Contents/
meho-ios.app.dSYM/Contents/Resources/
meho-ios.app.dSYM/Contents/Resources/DWARF/
2020-04-13 01:11:48 +0000  
sent 3.17K bytes  received 530 bytes  7.37K bytes/sec
total size is 46.47M  speedup is 12920.26
2020-04-13 01:11:48 +0000  /usr/bin/rsync exited with 0
2020-04-13 01:11:48 +0000  Running /Applications/Xcode.app/Contents/Developer/usr/bin/symbols '-noTextInSOD' '-noDaemon' '-arch' 'all' '-symbolsPackageDir' '/var/folders/fs/z9n7k_x968lfd144ssfxj7fh0000gp/T/XcodeDistPipeline.~~~wdQW6i/Symbols' '/var/folders/fs/z9n7k_x968lfd144ssfxj7fh0000gp/T/XcodeDistPipeline.~~~wdQW6i/GoogleToolboxForMac.framework.dSYM/Contents/Resources/Dwarf/GoogleToolboxForMac'
2020-04-13 01:11:48 +0000  /var/folders/fs/z9n7k_x968lfd144ssfxj7fh0000gp/T/XcodeDistPipeline.~~~wdQW6i/GoogleToolboxForMac.framework.dSYM/Contents/Resources/Dwarf/GoogleToolboxForMac [armv7, 0.007982 seconds]:
/var/folders/fs/z9n7k_x968lfd144ssfxj7fh0000gp/T/XcodeDistPipeline.~~~wdQW6i/GoogleToolboxForMac.framework.dSYM/Contents/Resources/Dwarf/GoogleToolboxForMac [arm64, 0.007982 seconds]:
2020-04-13 01:11:48 +0000  /Applications/Xcode.app/Contents/Developer/usr/bin/symbols exited with 0
2020-04-13 01:11:48 +0000  Processing symbols for meho-ios.app
2020-04-13 01:11:48 +0000  Running /usr/bin/rsync '-8aPhhE' '/var/folders/fs/z9n7k_x968lfd144ssfxj7fh0000gp/T/XcodeDistPipeline.~~~wdQW6i/Root/Payload/meho-ios.app' '--link-dest' '/var/folders/fs/z9n7k_x968lfd144ssfxj7fh0000gp/T/XcodeDistPipeline.~~~wdQW6i/Root/Payload' '/var/folders/fs/z9n7k_x968lfd144ssfxj7fh0000gp/T/XcodeDistPipeline.~~~wdQW6i'
2020-04-13 01:11:48 +0000  building file list ... 
2020-04-13 01:11:48 +0000   0 files...2020-04-13 01:11:48 +0000   100 files...2020-04-13 01:11:48 +0000   200 files...2020-04-13 01:11:48 +0000   300 files...2020-04-13 01:11:48 +0000  314 files to consider
2020-04-13 01:11:48 +0000  meho-ios.app/
2020-04-13 01:11:48 +0000  meho-ios.app/Base.lproj/
meho-ios.app/Base.lproj/LaunchScreen.storyboardc/
meho-ios.app/Frameworks/
2020-04-13 01:11:48 +0000  meho-ios.app/Frameworks/AWSAuthCore.framework/
meho-ios.app/Frameworks/AWSAuthCore.framework/_CodeSignature/
meho-ios.app/Frameworks/AWSAuthUI.framework/
meho-ios.app/Frameworks/AWSAuthUI.framework/AWSAuthUI.bundle/
meho-ios.app/Frameworks/AWSAuthUI.framework/AWSAuthUI.bundle/SignIn.storyboardc/
meho-ios.app/Frameworks/AWSAuthUI.framework/AWSAuthUI.bundle/SignIn.storyboardc/SignIn.nib/
meho-ios.app/Frameworks/AWSAuthUI.framework/AWSAuthUI.bundle/SignIn.storyboardc/xc1-Jg-Y5t-view-n6k-Ut-fuw.nib/
meho-ios.app/Frameworks/AWSAuthUI.framework/_CodeSignature/
meho-ios.app/Frameworks/AWSCognitoIdentityProvider.framework/
meho-ios.app/Frameworks/AWSCognitoIdentityProvider.framework/_CodeSignature/
meho-ios.app/Frameworks/AWSCognitoIdentityProviderASF.framework/
meho-ios.app/Frameworks/AWSCognitoIdentityProviderASF.framework/_CodeSignature/
meho-ios.app/Frameworks/AWSCore.framework/
meho-ios.app/Frameworks/AWSCore.framework/_CodeSignature/
meho-ios.app/Frameworks/AWSFacebookSignIn.framework/
meho-ios.app/Frameworks/AWSFacebookSignIn.framework/AWSFacebookSignIn.bundle/
meho-ios.app/Frameworks/AWSFacebookSignIn.framework/_CodeSignature/
meho-ios.app/Frameworks/AWSGoogleSignIn.framework/
meho-ios.app/Frameworks/AWSGoogleSignIn.framework/AWSGoogleSignIn.bundle/
meho-ios.app/Frameworks/AWSGoogleSignIn.framework/_CodeSignature/
meho-ios.app/Frameworks/AWSMobileClient.framework/
meho-ios.app/Frameworks/AWSMobileClient.framework/_CodeSignature/
meho-ios.app/Frameworks/AWSUserPoolsSignIn.framework/
meho-ios.app/Frameworks/AWSUserPoolsSignIn.framework/AWSUserPoolsSignIn.bundle/
meho-ios.app/Frameworks/AWSUserPoolsSignIn.framework/AWSUserPoolsSignIn.bundle/AWSUserPools.storyboardc/
meho-ios.app/Frameworks/AWSUserPoolsSignIn.framework/AWSUserPoolsSignIn.bundle/AWSUserPools.storyboardc/Fee-Hn-G0A-view-3Ww-qO-xXn.nib/
meho-ios.app/Frameworks/AWSUserPoolsSignIn.framework/AWSUserPoolsSignIn.bundle/AWSUserPools.storyboardc/ForgotPassword.nib/
meho-ios.app/Frameworks/AWSUserPoolsSignIn.framework/AWSUserPoolsSignIn.bundle/AWSUserPools.storyboardc/MFA.nib/
meho-ios.app/Frameworks/AWSUserPoolsSignIn.framework/AWSUserPoolsSignIn.bundle/AWSUserPools.storyboardc/NewPasswordRequired.nib/
meho-ios.app/Frameworks/AWSUserPoolsSignIn.framework/AWSUserPoolsSignIn.bundle/AWSUserPools.storyboardc/P72-4o-dGU-view-mvy-xA-fuB.nib/
meho-ios.app/Frameworks/AWSUserPoolsSignIn.framework/AWSUserPoolsSignIn.bundle/AWSUserPools.storyboardc/SignUp.nib/
meho-ios.app/Frameworks/AWSUserPoolsSignIn.framework/AWSUserPoolsSignIn.bundle/AWSUserPools.storyboardc/SignUpConfirmation.nib/
meho-ios.app/Frameworks/AWSUserPoolsSignIn.framework/AWSUserPoolsSignIn.bundle/AWSUserPools.storyboardc/UINavigationController-SfA-Z0-41u.nib/
meho-ios.app/Frameworks/AWSUserPoolsSignIn.framework/AWSUserPoolsSignIn.bundle/AWSUserPools.storyboardc/UIViewController-Wwt-zD-yTe.nib/
meho-ios.app/Frameworks/AWSUserPoolsSignIn.framework/AWSUserPoolsSignIn.bundle/AWSUserPools.storyboardc/Wwt-zD-yTe-view-sSU-fu-YjH.nib/
meho-ios.app/Frameworks/AWSUserPoolsSignIn.framework/AWSUserPoolsSignIn.bundle/AWSUserPools.storyboardc/aLx-S5-wTI-view-dxd-xU-1jy.nib/
meho-ios.app/Frameworks/AWSUserPoolsSignIn.framework/AWSUserPoolsSignIn.bundle/AWSUserPools.storyboardc/oYn-kQ-Tog-view-bRf-kC-3Qf.nib/
meho-ios.app/Frameworks/AWSUserPoolsSignIn.framework/AWSUserPoolsSignIn.bundle/AWSUserPools.storyboardc/tBM-jZ-I7y-view-Z83-6q-CAy.nib/
meho-ios.app/Frameworks/AWSUserPoolsSignIn.framework/_CodeSignature/
meho-ios.app/Frameworks/FBSDKCoreKit.framework/
meho-ios.app/Frameworks/FBSDKCoreKit.framework/FacebookSDKStrings.bundle/
meho-ios.app/Frameworks/FBSDKCoreKit.framework/FacebookSDKStrings.bundle/Resources/
meho-ios.app/Frameworks/FBSDKCoreKit.framework/FacebookSDKStrings.bundle/Resources/af.lproj/
meho-ios.app/Frameworks/FBSDKCoreKit.framework/FacebookSDKStrings.bundle/Resources/ar.lproj/
meho-ios.app/Frameworks/FBSDKCoreKit.framework/FacebookSDKStrings.bundle/Resources/bn.lproj/
meho-ios.app/Frameworks/FBSDKCoreKit.framework/FacebookSDKStrings.bundle/Resources/cs.lproj/
meho-ios.app/Frameworks/FBSDKCoreKit.framework/Face
2020-04-13 01:11:48 +0000  bookSDKStrings.bundle/Resources/da.lproj/
meho-ios.app/Frameworks/FBSDKCoreKit.framework/FacebookSDKStrings.bundle/Resources/de.lproj/
meho-ios.app/Frameworks/FBSDKCoreKit.framework/FacebookSDKStrings.bundle/Resources/el.lproj/
meho-ios.app/Frameworks/FBSDKCoreKit.framework/FacebookSDKStrings.bundle/Resources/en.lproj/
meho-ios.app/Frameworks/FBSDKCoreKit.framework/FacebookSDKStrings.bundle/Resources/en_GB.lproj/
meho-ios.app/Frameworks/FBSDKCoreKit.framework/FacebookSDKStrings.bundle/Resources/es.lproj/
meho-ios.app/Frameworks/FBSDKCoreKit.framework/FacebookSDKStrings.bundle/Resources/es_ES.lproj/
meho-ios.app/Frameworks/FBSDKCoreKit.framework/FacebookSDKStrings.bundle/Resources/fi.lproj/
meho-ios.app/Frameworks/FBSDKCoreKit.framework/FacebookSDKStrings.bundle/Resources/fil.lproj/
meho-ios.app/Frameworks/FBSDKCoreKit.framework/FacebookSDKStrings.bundle/Resources/fr.lproj/
meho-ios.app/Frameworks/FBSDKCoreKit.framework/FacebookSDKStrings.bundle/Resources/gu.lproj/
meho-ios.app/Frameworks/FBSDKCoreKit.framework/FacebookSDKStrings.bundle/Resources/he.lproj/
meho-ios.app/Frameworks/FBSDKCoreKit.framework/FacebookSDKStrings.bundle/Resources/hi.lproj/
meho-ios.app/Frameworks/FBSDKCoreKit.framework/FacebookSDKStrings.bundle/Resources/hr.lproj/
meho-ios.app/Frameworks/FBSDKCoreKit.framework/FacebookSDKStrings.bundle/Resources/hu.lproj/
meho-ios.app/Frameworks/FBSDKCoreKit.framework/FacebookSDKStrings.bundle/Resources/id.lproj/
meho-ios.app/Frameworks/FBSDKCoreKit.framework/FacebookSDKStrings.bundle/Resources/it.lproj/
meho-ios.app/Frameworks/FBSDKCoreKit.framework/FacebookSDKStrings.bundle/Resources/ja.lproj/
meho-ios.app/Frameworks/FBSDKCoreKit.framework/FacebookSDKStrings.bundle/Resources/kn.lproj/
meho-ios.app/Frameworks/FBSDKCoreKit.framework/FacebookSDKStrings.bundle/Resources/ko.lproj/
meho-ios.app/Frameworks/FBSDKCoreKit.framework/FacebookSDKStrings.bundle/Resources/ml.lproj/
meho-ios.app/Frameworks/FBSDKCoreKit.framework/FacebookSDKStrings.bundle/Resources/mr.lproj/
meho-ios.app/Frameworks/FBSDKCoreKit.framework/FacebookSDKStrings.bundle/Resources/ms.lproj/
meho-ios.app/Frameworks/FBSDKCoreKit.framework/FacebookSDKStrings.bundle/Resources/nb.lproj/
meho-ios.app/Frameworks/FBSDKCoreKit.framework/FacebookSDKStrings.bundle/Resources/nl.lproj/
meho-ios.app/Frameworks/FBSDKCoreKit.framework/FacebookSDKStrings.bundle/Resources/pa.lproj/
meho-ios.app/Frameworks/FBSDKCoreKit.framework/FacebookSDKStrings.bundle/Resources/pl.lproj/
meho-ios.app/Frameworks/FBSDKCoreKit.framework/FacebookSDKStrings.bundle/Resources/pt.lproj/
meho-ios.app/Frameworks/FBSDKCoreKit.framework/FacebookSDKStrings.bundle/Resources/pt_PT.lproj/
meho-ios.app/Frameworks/FBSDKCoreKit.framework/FacebookSDKStrings.bundle/Resources/ru.lproj/
meho-ios.app/Frameworks/FBSDKCoreKit.framework/FacebookSDKStrings.bundle/Resources/sk.lproj/
meho-ios.app/Frameworks/FBSDKCoreKit.framework/FacebookSDKStrings.bundle/Resources/sv.lproj/
meho-ios.app/Frameworks/FBSDKCoreKit.framework/FacebookSDKStrings.bundle/Resources/ta.lproj/
meho-ios.app/Frameworks/FBSDKCoreKit.framework/FacebookSDKStrings.bundle/Resources/te.lproj/
meho-ios.app/Frameworks/FBSDKCoreKit.framework/FacebookSDKStrings.bundle/Resources/th.lproj/
meho-ios.app/Frameworks/FBSDKCoreKit.framework/FacebookSDKStrings.bundle/Resources/tr.lproj/
meho-ios.app/Frameworks/FBSDKCoreKit.framework/FacebookSDKStrings.bundle/Resources/vi.lproj/
meho-ios.app/Frameworks/FBSDKCoreKit.framework/FacebookSDKStrings.bundle/Resources/zh.lproj/
meho-ios.app/Frameworks/FBSDKCoreKit.framework/FacebookSDKStrings.bundle/Resources/zh_Hant_HK.lproj/
meho-ios.app/Frameworks/FBSDKCoreKit.framework/FacebookSDKStrings.bundle/Resources/zh_Hant_TW.lproj/
meho-ios.app/Frameworks/FBSDKCoreKit.framework/_CodeSignature/
meho-ios.app/Frameworks/FBSDKLoginKit.framework/
meho-ios.app/Frameworks/FBSDKLoginKit.framework/_CodeSignature/
meho-ios.app/Frameworks/GTMSessionFetcher.framework/
meho-ios.app/Frameworks/GTMSessionFetcher.framework/_CodeSignature/
meho-ios.app/Frameworks/GoogleToolboxForMac.framework/
meho-ios.app/Frameworks/GoogleToolboxForMac.frame
2020-04-13 01:11:48 +0000  work/_CodeSignature/
meho-ios.app/GoogleSignIn.bundle/
meho-ios.app/GoogleSignIn.bundle/ar.lproj/
meho-ios.app/GoogleSignIn.bundle/ca.lproj/
meho-ios.app/GoogleSignIn.bundle/cs.lproj/
meho-ios.app/GoogleSignIn.bundle/da.lproj/
meho-ios.app/GoogleSignIn.bundle/de.lproj/
meho-ios.app/GoogleSignIn.bundle/el.lproj/
meho-ios.app/GoogleSignIn.bundle/en.lproj/
meho-ios.app/GoogleSignIn.bundle/en_GB.lproj/
meho-ios.app/GoogleSignIn.bundle/es.lproj/
meho-ios.app/GoogleSignIn.bundle/es_MX.lproj/
meho-ios.app/GoogleSignIn.bundle/fi.lproj/
meho-ios.app/GoogleSignIn.bundle/fr.lproj/
meho-ios.app/GoogleSignIn.bundle/fr_CA.lproj/
meho-ios.app/GoogleSignIn.bundle/he.lproj/
meho-ios.app/GoogleSignIn.bundle/hi.lproj/
meho-ios.app/GoogleSignIn.bundle/hr.lproj/
meho-ios.app/GoogleSignIn.bundle/hu.lproj/
meho-ios.app/GoogleSignIn.bundle/id.lproj/
meho-ios.app/GoogleSignIn.bundle/it.lproj/
meho-ios.app/GoogleSignIn.bundle/ja.lproj/
meho-ios.app/GoogleSignIn.bundle/ko.lproj/
meho-ios.app/GoogleSignIn.bundle/ms.lproj/
meho-ios.app/GoogleSignIn.bundle/nb.lproj/
meho-ios.app/GoogleSignIn.bundle/nl.lproj/
meho-ios.app/GoogleSignIn.bundle/pl.lproj/
meho-ios.app/GoogleSignIn.bundle/pt.lproj/
meho-ios.app/GoogleSignIn.bundle/pt_BR.lproj/
meho-ios.app/GoogleSignIn.bundle/pt_PT.lproj/
meho-ios.app/GoogleSignIn.bundle/ro.lproj/
meho-ios.app/GoogleSignIn.bundle/ru.lproj/
meho-ios.app/GoogleSignIn.bundle/sk.lproj/
meho-ios.app/GoogleSignIn.bundle/sv.lproj/
meho-ios.app/GoogleSignIn.bundle/th.lproj/
meho-ios.app/GoogleSignIn.bundle/tr.lproj/
meho-ios.app/GoogleSignIn.bundle/uk.lproj/
meho-ios.app/GoogleSignIn.bundle/vi.lproj/
meho-ios.app/GoogleSignIn.bundle/zh_CN.lproj/
meho-ios.app/GoogleSignIn.bundle/zh_TW.lproj/
meho-ios.app/_CodeSignature/
2020-04-13 01:11:48 +0000  
sent 10.31K bytes  received 842 bytes  22.26K bytes/sec
total size is 12.37M  speedup is 1138.26
2020-04-13 01:11:48 +0000  /usr/bin/rsync exited with 0
2020-04-13 01:11:48 +0000  Running /usr/bin/rsync '-8aPhhE' '/Users/mehodev/Library/Developer/Xcode/Archives/2020-04-12/meho-ios 4-12-20, 3.25 PM.xcarchive/dSYMs/' '--link-dest' '/Users/mehodev/Library/Developer/Xcode/Archives/2020-04-12/meho-ios 4-12-20, 3.25 PM.xcarchive/dSYMs/' '/var/folders/fs/z9n7k_x968lfd144ssfxj7fh0000gp/T/XcodeDistPipeline.~~~wdQW6i'
2020-04-13 01:11:48 +0000  building file list ... 
2020-04-13 01:11:48 +0000   0 files...2020-04-13 01:11:48 +0000  85 files to consider
2020-04-13 01:11:48 +0000  ./
2020-04-13 01:11:48 +0000  AWSAuthCore.framework.dSYM/
AWSAuthCore.framework.dSYM/Contents/
2020-04-13 01:11:48 +0000  AWSAuthCore.framework.dSYM/Contents/Resources/
AWSAuthCore.framework.dSYM/Contents/Resources/DWARF/
AWSAuthUI.framework.dSYM/
AWSAuthUI.framework.dSYM/Contents/
AWSAuthUI.framework.dSYM/Contents/Resources/
AWSAuthUI.framework.dSYM/Contents/Resources/DWARF/
AWSCognitoIdentityProvider.framework.dSYM/
AWSCognitoIdentityProvider.framework.dSYM/Contents/
AWSCognitoIdentityProvider.framework.dSYM/Contents/Resources/
AWSCognitoIdentityProvider.framework.dSYM/Contents/Resources/DWARF/
AWSCognitoIdentityProviderASF.framework.dSYM/
AWSCognitoIdentityProviderASF.framework.dSYM/Contents/
AWSCognitoIdentityProviderASF.framework.dSYM/Contents/Resources/
AWSCognitoIdentityProviderASF.framework.dSYM/Contents/Resources/DWARF/
AWSCore.framework.dSYM/
AWSCore.framework.dSYM/Contents/
AWSCore.framework.dSYM/Contents/Resources/
AWSCore.framework.dSYM/Contents/Resources/DWARF/
2020-04-13 01:11:48 +0000  AWSFacebookSignIn.framework.dSYM/
AWSFacebookSignIn.framework.dSYM/Contents/
AWSFacebookSignIn.framework.dSYM/Contents/Resources/
AWSFacebookSignIn.framework.dSYM/Contents/Resources/DWARF/
AWSGoogleSignIn.framework.dSYM/
AWSGoogleSignIn.framework.dSYM/Contents/
AWSGoogleSignIn.framework.dSYM/Contents/Resources/
AWSGoogleSignIn.framework.dSYM/Contents/Resources/DWARF/
AWSMobileClient.framework.dSYM/
AWSMobileClient.framework.dSYM/Contents/
AWSMobileClient.framework.dSYM/Contents/Resources/
AWSMobileClient.framework.dSYM/Contents/Resources/DWARF/
AWSUserPoolsSignIn.framework.dSYM/
AWSUserPoolsSignIn.framework.dSYM/Contents/
AWSUserPoolsSignIn.framework.dSYM/Contents/Resources/
AWSUserPoolsSignIn.framework.dSYM/Contents/Resources/DWARF/
FBSDKCoreKit.framework.dSYM/
FBSDKCoreKit.framework.dSYM/Contents/
2020-04-13 01:11:48 +0000  FBSDKCoreKit.framework.dSYM/Contents/Resources/
FBSDKCoreKit.framework.dSYM/Contents/Resources/DWARF/
FBSDKLoginKit.framework.dSYM/
FBSDKLoginKit.framework.dSYM/Contents/
FBSDKLoginKit.framework.dSYM/Contents/Resources/
FBSDKLoginKit.framework.dSYM/Contents/Resources/DWARF/
GTMSessionFetcher.framework.dSYM/
GTMSessionFetcher.framework.dSYM/Contents/
GTMSessionFetcher.framework.dSYM/Contents/Resources/
GTMSessionFetcher.framework.dSYM/Contents/Resources/DWARF/
GoogleToolboxForMac.framework.dSYM/
GoogleToolboxForMac.framework.dSYM/Contents/
GoogleToolboxForMac.framework.dSYM/Contents/Resources/
GoogleToolboxForMac.framework.dSYM/Contents/Resources/DWARF/
meho-ios.app.dSYM/
meho-ios.app.dSYM/Contents/
meho-ios.app.dSYM/Contents/Resources/
2020-04-13 01:11:48 +0000  meho-ios.app.dSYM/Contents/Resources/DWARF/
2020-04-13 01:11:48 +0000  
sent 3.17K bytes  received 530 bytes  7.37K bytes/sec
total size is 46.47M  speedup is 12920.26
2020-04-13 01:11:48 +0000  /usr/bin/rsync exited with 0
2020-04-13 01:11:48 +0000  Running /Applications/Xcode.app/Contents/Developer/usr/bin/symbols '-noTextInSOD' '-noDaemon' '-arch' 'all' '-symbolsPackageDir' '/var/folders/fs/z9n7k_x968lfd144ssfxj7fh0000gp/T/XcodeDistPipeline.~~~wdQW6i/Symbols' '/var/folders/fs/z9n7k_x968lfd144ssfxj7fh0000gp/T/XcodeDistPipeline.~~~wdQW6i/meho-ios.app.dSYM/Contents/Resources/Dwarf/meho-ios'
2020-04-13 01:11:49 +0000  /var/folders/fs/z9n7k_x968lfd144ssfxj7fh0000gp/T/XcodeDistPipeline.~~~wdQW6i/meho-ios.app.dSYM/Contents/Resources/Dwarf/meho-ios [arm64, 0.022061 seconds]:
2020-04-13 01:11:49 +0000  /Applications/Xcode.app/Contents/Developer/usr/bin/symbols exited with 0
2020-04-13 01:11:49 +0000  Processing step: IDEDistributionCopyAppleProvidedContentStep
2020-04-13 01:11:49 +0000  Processing step: IDEDistributionAppThinningStep
2020-04-13 01:11:49 +0000  Skipping step: IDEDistributionAppThinningStep because it said so
2020-04-13 01:11:49 +0000  Processing step: IDEDistributionArchThinningStep
2020-04-13 01:11:49 +0000  Running /Applications/Xcode.app/Contents/Developer/Toolchains/XcodeDefault.xctoolchain/usr/bin/lipo '/var/folders/fs/z9n7k_x968lfd144ssfxj7fh0000gp/T/XcodeDistPipeline.~~~wdQW6i/Root/Payload/meho-ios.app/Frameworks/AWSAuthCore.framework/AWSAuthCore' '-verify_arch' 'arm64e'
2020-04-13 01:11:49 +0000  /Applications/Xcode.app/Contents/Developer/Toolchains/XcodeDefault.xctoolchain/usr/bin/lipo exited with 1
2020-04-13 01:11:49 +0000  Skipping architecture thinning for item "AWSAuthCore" because arch "arm64e" wasn't found
2020-04-13 01:11:49 +0000  Running /Applications/Xcode.app/Contents/Developer/Toolchains/XcodeDefault.xctoolchain/usr/bin/lipo '/var/folders/fs/z9n7k_x968lfd144ssfxj7fh0000gp/T/XcodeDistPipeline.~~~wdQW6i/Root/Payload/meho-ios.app/Frameworks/AWSAuthUI.framework/AWSAuthUI' '-verify_arch' 'arm64e'
2020-04-13 01:11:49 +0000  /Applications/Xcode.app/Contents/Developer/Toolchains/XcodeDefault.xctoolchain/usr/bin/lipo exited with 1
2020-04-13 01:11:49 +0000  Skipping architecture thinning for item "AWSAuthUI" because arch "arm64e" wasn't found
2020-04-13 01:11:49 +0000  Running /Applications/Xcode.app/Contents/Developer/Toolchains/XcodeDefault.xctoolchain/usr/bin/lipo '/var/folders/fs/z9n7k_x968lfd144ssfxj7fh0000gp/T/XcodeDistPipeline.~~~wdQW6i/Root/Payload/meho-ios.app/Frameworks/AWSCognitoIdentityProvider.framework/AWSCognitoIdentityProvider' '-verify_arch' 'arm64e'
2020-04-13 01:11:49 +0000  /Applications/Xcode.app/Contents/Developer/Toolchains/XcodeDefault.xctoolchain/usr/bin/lipo exited with 1
2020-04-13 01:11:49 +0000  Skipping architecture thinning for item "AWSCognitoIdentityProvider" because arch "arm64e" wasn't found
2020-04-13 01:11:49 +0000  Running /Applications/Xcode.app/Contents/Developer/Toolchains/XcodeDefault.xctoolchain/usr/bin/lipo '/var/folders/fs/z9n7k_x968lfd144ssfxj7fh0000gp/T/XcodeDistPipeline.~~~wdQW6i/Root/Payload/meho-ios.app/Frameworks/AWSCognitoIdentityProviderASF.framework/AWSCognitoIdentityProviderASF' '-verify_arch' 'arm64e'
2020-04-13 01:11:49 +0000  /Applications/Xcode.app/Contents/Developer/Toolchains/XcodeDefault.xctoolchain/usr/bin/lipo exited with 1
2020-04-13 01:11:49 +0000  Skipping architecture thinning for item "AWSCognitoIdentityProviderASF" because arch "arm64e" wasn't found
2020-04-13 01:11:49 +0000  Running /Applications/Xcode.app/Contents/Developer/Toolchains/XcodeDefault.xctoolchain/usr/bin/lipo '/var/folders/fs/z9n7k_x968lfd144ssfxj7fh0000gp/T/XcodeDistPipeline.~~~wdQW6i/Root/Payload/meho-ios.app/Frameworks/AWSCore.framework/AWSCore' '-verify_arch' 'arm64e'
2020-04-13 01:11:49 +0000  /Applications/Xcode.app/Contents/Developer/Toolchains/XcodeDefault.xctoolchain/usr/bin/lipo exited with 1
2020-04-13 01:11:49 +0000  Skipping architecture thinning for item "AWSCore" because arch "arm64e" wasn't found
2020-04-13 01:11:49 +0000  Running /Applications/Xcode.app/Contents/Developer/Toolchains/XcodeDefault.xctoolchain/usr/bin/lipo '/var/folders/fs/z9n7k_x968lfd144ssfxj7fh0000gp/T/XcodeDistPipeline.~~~wdQW6i/Root/Payload/meho-ios.app/Frameworks/AWSFacebookSignIn.framework/AWSFacebookSignIn' '-verify_arch' 'arm64e'
2020-04-13 01:11:49 +0000  /Applications/Xcode.app/Contents/Developer/Toolchains/XcodeDefault.xctoolchain/usr/bin/lipo exited with 1
2020-04-13 01:11:49 +0000  Skipping architecture thinning for item "AWSFacebookSignIn" because arch "arm64e" wasn't found
2020-04-13 01:11:49 +0000  Running /Applications/Xcode.app/Contents/Developer/Toolchains/XcodeDefault.xctoolchain/usr/bin/lipo '/var/folders/fs/z9n7k_x968lfd144ssfxj7fh0000gp/T/XcodeDistPipeline.~~~wdQW6i/Root/Payload/meho-ios.app/Frameworks/AWSGoogleSignIn.framework/AWSGoogleSignIn' '-verify_arch' 'arm64e'
2020-04-13 01:11:49 +0000  /Applications/Xcode.app/Contents/Developer/Toolchains/XcodeDefault.xctoolchain/usr/bin/lipo exited with 1
2020-04-13 01:11:49 +0000  Skipping architecture thinning for item "AWSGoogleSignIn" because arch "arm64e" wasn't found
2020-04-13 01:11:49 +0000  Running /Applications/Xcode.app/Contents/Developer/Toolchains/XcodeDefault.xctoolchain/usr/bin/lipo '/var/folders/fs/z9n7k_x968lfd144ssfxj7fh0000gp/T/XcodeDistPipeline.~~~wdQW6i/Root/Payload/meho-ios.app/Frameworks/AWSMobileClient.framework/AWSMobileClient' '-verify_arch' 'arm64e'
2020-04-13 01:11:49 +0000  /Applications/Xcode.app/Contents/Developer/Toolchains/XcodeDefault.xctoolchain/usr/bin/lipo exited with 1
2020-04-13 01:11:49 +0000  Skipping architecture thinning for item "AWSMobileClient" because arch "arm64e" wasn't found
2020-04-13 01:11:49 +0000  Running /Applications/Xcode.app/Contents/Developer/Toolchains/XcodeDefault.xctoolchain/usr/bin/lipo '/var/folders/fs/z9n7k_x968lfd144ssfxj7fh0000gp/T/XcodeDistPipeline.~~~wdQW6i/Root/Payload/meho-ios.app/Frameworks/AWSUserPoolsSignIn.framework/AWSUserPoolsSignIn' '-verify_arch' 'arm64e'
2020-04-13 01:11:49 +0000  /Applications/Xcode.app/Contents/Developer/Toolchains/XcodeDefault.xctoolchain/usr/bin/lipo exited with 1
2020-04-13 01:11:49 +0000  Skipping architecture thinning for item "AWSUserPoolsSignIn" because arch "arm64e" wasn't found
2020-04-13 01:11:49 +0000  Running /Applications/Xcode.app/Contents/Developer/Toolchains/XcodeDefault.xctoolchain/usr/bin/lipo '/var/folders/fs/z9n7k_x968lfd144ssfxj7fh0000gp/T/XcodeDistPipeline.~~~wdQW6i/Root/Payload/meho-ios.app/Frameworks/FBSDKCoreKit.framework/FBSDKCoreKit' '-verify_arch' 'arm64e'
2020-04-13 01:11:49 +0000  /Applications/Xcode.app/Contents/Developer/Toolchains/XcodeDefault.xctoolchain/usr/bin/lipo exited with 1
2020-04-13 01:11:49 +0000  Skipping architecture thinning for item "FBSDKCoreKit" because arch "arm64e" wasn't found
2020-04-13 01:11:49 +0000  Running /Applications/Xcode.app/Contents/Developer/Toolchains/XcodeDefault.xctoolchain/usr/bin/lipo '/var/folders/fs/z9n7k_x968lfd144ssfxj7fh0000gp/T/XcodeDistPipeline.~~~wdQW6i/Root/Payload/meho-ios.app/Frameworks/FBSDKLoginKit.framework/FBSDKLoginKit' '-verify_arch' 'arm64e'
2020-04-13 01:11:49 +0000  /Applications/Xcode.app/Contents/Developer/Toolchains/XcodeDefault.xctoolchain/usr/bin/lipo exited with 1
2020-04-13 01:11:49 +0000  Skipping architecture thinning for item "FBSDKLoginKit" because arch "arm64e" wasn't found
2020-04-13 01:11:49 +0000  Running /Applications/Xcode.app/Contents/Developer/Toolchains/XcodeDefault.xctoolchain/usr/bin/lipo '/var/folders/fs/z9n7k_x968lfd144ssfxj7fh0000gp/T/XcodeDistPipeline.~~~wdQW6i/Root/Payload/meho-ios.app/Frameworks/GTMSessionFetcher.framework/GTMSessionFetcher' '-verify_arch' 'arm64e'
2020-04-13 01:11:49 +0000  /Applications/Xcode.app/Contents/Developer/Toolchains/XcodeDefault.xctoolchain/usr/bin/lipo exited with 1
2020-04-13 01:11:49 +0000  Skipping architecture thinning for item "GTMSessionFetcher" because arch "arm64e" wasn't found
2020-04-13 01:11:49 +0000  Running /Applications/Xcode.app/Contents/Developer/Toolchains/XcodeDefault.xctoolchain/usr/bin/lipo '/var/folders/fs/z9n7k_x968lfd144ssfxj7fh0000gp/T/XcodeDistPipeline.~~~wdQW6i/Root/Payload/meho-ios.app/Frameworks/GoogleToolboxForMac.framework/GoogleToolboxForMac' '-verify_arch' 'arm64e'
2020-04-13 01:11:49 +0000  /Applications/Xcode.app/Contents/Developer/Toolchains/XcodeDefault.xctoolchain/usr/bin/lipo exited with 1
2020-04-13 01:11:49 +0000  Skipping architecture thinning for item "GoogleToolboxForMac" because arch "arm64e" wasn't found
2020-04-13 01:11:49 +0000  Running /Applications/Xcode.app/Contents/Developer/Toolchains/XcodeDefault.xctoolchain/usr/bin/lipo '/var/folders/fs/z9n7k_x968lfd144ssfxj7fh0000gp/T/XcodeDistPipeline.~~~wdQW6i/Root/Payload/meho-ios.app/meho-ios' '-verify_arch' 'arm64e'
2020-04-13 01:11:49 +0000  /Applications/Xcode.app/Contents/Developer/Toolchains/XcodeDefault.xctoolchain/usr/bin/lipo exited with 1
2020-04-13 01:11:49 +0000  Skipping architecture thinning for item "meho-ios" because arch "arm64e" wasn't found
2020-04-13 01:11:49 +0000  Processing step: IDEDistributionODRStep
2020-04-13 01:11:49 +0000  Processing step: IDEDistributionStripXattrsStep
2020-04-13 01:11:49 +0000  Skipping stripping extended attributes of item: <IDEDistributionItem: 0x7ff5ec93a1f0; bundleID='org.cocoapods.AWSAuthCore', path='<DVTFilePath:0x7ff5ed660970:'/Users/mehodev/Library/Developer/Xcode/Archives/2020-04-12/meho-ios 4-12-20, 3.25 PM.xcarchive/Products/Applications/meho-ios.app/Frameworks/AWSAuthCore.framework'>', codeSigningInfo='<_DVTCodeSigningInformation_Path: 0x7ff6035d8aa0; isSigned='1', isAdHocSigned='0', signingCertificate='<DVTSigningCertificate: 0x7ff5ee433090; name='Apple Development: jiaxi.xiong.meho@gmail.com (BXUKF7SMD3)', hash='78C2027EF999BC5BCEEFB7AD924EF75C5302D4C7', serialNumber='5E2C374C8CC1F72D', certificateKinds='(
    "1.2.840.113635.100.6.1.12",
    "1.2.840.113635.100.6.1.2"
), issueDate='2020-03-30 03:46:29 +0000''>', entitlements='(null)', teamID='LW56PXHU2T', identifier='org.cocoapods.AWSAuthCore', executablePath='<DVTFilePath:0x7ff5ed6c2260:'/Users/mehodev/Library/Developer/Xcode/Archives/2020-04-12/meho-ios 4-12-20, 3.25 PM.xcarchive/Products/Applications/meho-ios.app/Frameworks/AWSAuthCore.framework/AWSAuthCore'>', hardenedRuntime='0'>'>
2020-04-13 01:11:49 +0000  Skipping stripping extended attributes of item: <IDEDistributionItem: 0x7ff5ec94e100; bundleID='org.cocoapods.AWSAuthUI', path='<DVTFilePath:0x7ff5ed622d90:'/Users/mehodev/Library/Developer/Xcode/Archives/2020-04-12/meho-ios 4-12-20, 3.25 PM.xcarchive/Products/Applications/meho-ios.app/Frameworks/AWSAuthUI.framework'>', codeSigningInfo='<_DVTCodeSigningInformation_Path: 0x7ff60194bff0; isSigned='1', isAdHocSigned='0', signingCertificate='<DVTSigningCertificate: 0x7ff5ebe0d3c0; name='Apple Development: jiaxi.xiong.meho@gmail.com (BXUKF7SMD3)', hash='78C2027EF999BC5BCEEFB7AD924EF75C5302D4C7', serialNumber='5E2C374C8CC1F72D', certificateKinds='(
    "1.2.840.113635.100.6.1.12",
    "1.2.840.113635.100.6.1.2"
), issueDate='2020-03-30 03:46:29 +0000''>', entitlements='(null)', teamID='LW56PXHU2T', identifier='org.cocoapods.AWSAuthUI', executablePath='<DVTFilePath:0x7ff5efae91e0:'/Users/mehodev/Library/Developer/Xcode/Archives/2020-04-12/meho-ios 4-12-20, 3.25 PM.xcarchive/Products/Applications/meho-ios.app/Frameworks/AWSAuthUI.framework/AWSAuthUI'>', hardenedRuntime='0'>'>
2020-04-13 01:11:49 +0000  Skipping stripping extended attributes of item: <IDEDistributionItem: 0x7ff6035d8510; bundleID='org.cocoapods.AWSCognitoIdentityProvider', path='<DVTFilePath:0x7ff5efae9a20:'/Users/mehodev/Library/Developer/Xcode/Archives/2020-04-12/meho-ios 4-12-20, 3.25 PM.xcarchive/Products/Applications/meho-ios.app/Frameworks/AWSCognitoIdentityProvider.framework'>', codeSigningInfo='<_DVTCodeSigningInformation_Path: 0x7ff60359fd80; isSigned='1', isAdHocSigned='0', signingCertificate='<DVTSigningCertificate: 0x7ff5ebe0d3c0; name='Apple Development: jiaxi.xiong.meho@gmail.com (BXUKF7SMD3)', hash='78C2027EF999BC5BCEEFB7AD924EF75C5302D4C7', serialNumber='5E2C374C8CC1F72D', certificateKinds='(
    "1.2.840.113635.100.6.1.12",
    "1.2.840.113635.100.6.1.2"
), issueDate='2020-03-30 03:46:29 +0000''>', entitlements='(null)', teamID='LW56PXHU2T', identifier='org.cocoapods.AWSCognitoIdentityProvider', executablePath='<DVTFilePath:0x7ff5efa59ca0:'/Users/mehodev/Library/Developer/Xcode/Archives/2020-04-12/meho-ios 4-12-20, 3.25 PM.xcarchive/Products/Applications/meho-ios.app/Frameworks/AWSCognitoIdentityProvider.framework/AWSCognitoIdentityProvider'>', hardenedRuntime='0'>'>
2020-04-13 01:11:49 +0000  Skipping stripping extended attributes of item: <IDEDistributionItem: 0x7ff5eff0da60; bundleID='org.cocoapods.AWSCognitoIdentityProviderASF', path='<DVTFilePath:0x7ff5ff625570:'/Users/mehodev/Library/Developer/Xcode/Archives/2020-04-12/meho-ios 4-12-20, 3.25 PM.xcarchive/Products/Applications/meho-ios.app/Frameworks/AWSCognitoIdentityProviderASF.framework'>', codeSigningInfo='<_DVTCodeSigningInformation_Path: 0x7ff60027b870; isSigned='1', isAdHocSigned='0', signingCertificate='<DVTSigningCertificate: 0x7ff5edbd3800; name='Apple Development: jiaxi.xiong.meho@gmail.com (BXUKF7SMD3)', hash='78C2027EF999BC5BCEEFB7AD924EF75C5302D4C7', serialNumber='5E2C374C8CC1F72D', certificateKinds='(
    "1.2.840.113635.100.6.1.12",
    "1.2.840.113635.100.6.1.2"
), issueDate='2020-03-30 03:46:29 +0000''>', entitlements='(null)', teamID='LW56PXHU2T', identifier='org.cocoapods.AWSCognitoIdentityProviderASF', executablePath='<DVTFilePath:0x7ff5ff6f56a0:'/Users/mehodev/Library/Developer/Xcode/Archives/2020-04-12/meho-ios 4-12-20, 3.25 PM.xcarchive/Products/Applications/meho-ios.app/Frameworks/AWSCognitoIdentityProviderASF.framework/AWSCognitoIdentityProviderASF'>', hardenedRuntime='0'>'>
2020-04-13 01:11:49 +0000  Skipping stripping extended attributes of item: <IDEDistributionItem: 0x7ff6035d8e20; bundleID='org.cocoapods.AWSCore', path='<DVTFilePath:0x7ff5ff6e67d0:'/Users/mehodev/Library/Developer/Xcode/Archives/2020-04-12/meho-ios 4-12-20, 3.25 PM.xcarchive/Products/Applications/meho-ios.app/Frameworks/AWSCore.framework'>', codeSigningInfo='<_DVTCodeSigningInformation_Path: 0x7ff5eff011c0; isSigned='1', isAdHocSigned='0', signingCertificate='<DVTSigningCertificate: 0x7ff5edbd3800; name='Apple Development: jiaxi.xiong.meho@gmail.com (BXUKF7SMD3)', hash='78C2027EF999BC5BCEEFB7AD924EF75C5302D4C7', serialNumber='5E2C374C8CC1F72D', certificateKinds='(
    "1.2.840.113635.100.6.1.12",
    "1.2.840.113635.100.6.1.2"
), issueDate='2020-03-30 03:46:29 +0000''>', entitlements='(null)', teamID='LW56PXHU2T', identifier='org.cocoapods.AWSCore', executablePath='<DVTFilePath:0x7ff5efa720f0:'/Users/mehodev/Library/Developer/Xcode/Archives/2020-04-12/meho-ios 4-12-20, 3.25 PM.xcarchive/Products/Applications/meho-ios.app/Frameworks/AWSCore.framework/AWSCore'>', hardenedRuntime='0'>'>
2020-04-13 01:11:49 +0000  Skipping stripping extended attributes of item: <IDEDistributionItem: 0x7ff5ee427a50; bundleID='org.cocoapods.AWSFacebookSignIn', path='<DVTFilePath:0x7ff5efab67b0:'/Users/mehodev/Library/Developer/Xcode/Archives/2020-04-12/meho-ios 4-12-20, 3.25 PM.xcarchive/Products/Applications/meho-ios.app/Frameworks/AWSFacebookSignIn.framework'>', codeSigningInfo='<_DVTCodeSigningInformation_Path: 0x7ff5ebe2a770; isSigned='1', isAdHocSigned='0', signingCertificate='<DVTSigningCertificate: 0x7ff5ebe0d3c0; name='Apple Development: jiaxi.xiong.meho@gmail.com (BXUKF7SMD3)', hash='78C2027EF999BC5BCEEFB7AD924EF75C5302D4C7', serialNumber='5E2C374C8CC1F72D', certificateKinds='(
    "1.2.840.113635.100.6.1.12",
    "1.2.840.113635.100.6.1.2"
), issueDate='2020-03-30 03:46:29 +0000''>', entitlements='(null)', teamID='LW56PXHU2T', identifier='org.cocoapods.AWSFacebookSignIn', executablePath='<DVTFilePath:0x7ff5ff622ed0:'/Users/mehodev/Library/Developer/Xcode/Archives/2020-04-12/meho-ios 4-12-20, 3.25 PM.xcarchive/Products/Applications/meho-ios.app/Frameworks/AWSFacebookSignIn.framework/AWSFacebookSignIn'>', hardenedRuntime='0'>'>
2020-04-13 01:11:49 +0000  Skipping stripping extended attributes of item: <IDEDistributionItem: 0x7ff5edb3f460; bundleID='org.cocoapods.AWSGoogleSignIn', path='<DVTFilePath:0x7ff5ff6fbcf0:'/Users/mehodev/Library/Developer/Xcode/Archives/2020-04-12/meho-ios 4-12-20, 3.25 PM.xcarchive/Products/Applications/meho-ios.app/Frameworks/AWSGoogleSignIn.framework'>', codeSigningInfo='<_DVTCodeSigningInformation_Path: 0x7ff5ec94e170; isSigned='1', isAdHocSigned='0', signingCertificate='<DVTSigningCertificate: 0x7ff5ebe0d3c0; name='Apple Development: jiaxi.xiong.meho@gmail.com (BXUKF7SMD3)', hash='78C2027EF999BC5BCEEFB7AD924EF75C5302D4C7', serialNumber='5E2C374C8CC1F72D', certificateKinds='(
    "1.2.840.113635.100.6.1.12",
    "1.2.840.113635.100.6.1.2"
), issueDate='2020-03-30 03:46:29 +0000''>', entitlements='(null)', teamID='LW56PXHU2T', identifier='org.cocoapods.AWSGoogleSignIn', executablePath='<DVTFilePath:0x7ff5ec9d7410:'/Users/mehodev/Library/Developer/Xcode/Archives/2020-04-12/meho-ios 4-12-20, 3.25 PM.xcarchive/Products/Applications/meho-ios.app/Frameworks/AWSGoogleSignIn.framework/AWSGoogleSignIn'>', hardenedRuntime='0'>'>
2020-04-13 01:11:49 +0000  Skipping stripping extended attributes of item: <IDEDistributionItem: 0x7ff5ec990270; bundleID='org.cocoapods.AWSMobileClient', path='<DVTFilePath:0x7ff5ff6ecdb0:'/Users/mehodev/Library/Developer/Xcode/Archives/2020-04-12/meho-ios 4-12-20, 3.25 PM.xcarchive/Products/Applications/meho-ios.app/Frameworks/AWSMobileClient.framework'>', codeSigningInfo='<_DVTCodeSigningInformation_Path: 0x7ff5ef2142b0; isSigned='1', isAdHocSigned='0', signingCertificate='<DVTSigningCertificate: 0x7ff5ebe0d3c0; name='Apple Development: jiaxi.xiong.meho@gmail.com (BXUKF7SMD3)', hash='78C2027EF999BC5BCEEFB7AD924EF75C5302D4C7', serialNumber='5E2C374C8CC1F72D', certificateKinds='(
    "1.2.840.113635.100.6.1.12",
    "1.2.840.113635.100.6.1.2"
), issueDate='2020-03-30 03:46:29 +0000''>', entitlements='(null)', teamID='LW56PXHU2T', identifier='org.cocoapods.AWSMobileClient', executablePath='<DVTFilePath:0x7ff5ed66ce50:'/Users/mehodev/Library/Developer/Xcode/Archives/2020-04-12/meho-ios 4-12-20, 3.25 PM.xcarchive/Products/Applications/meho-ios.app/Frameworks/AWSMobileClient.framework/AWSMobileClient'>', hardenedRuntime='0'>'>
2020-04-13 01:11:49 +0000  Skipping stripping extended attributes of item: <IDEDistributionItem: 0x7ff5fc09e110; bundleID='org.cocoapods.AWSUserPoolsSignIn', path='<DVTFilePath:0x7ff5efa97be0:'/Users/mehodev/Library/Developer/Xcode/Archives/2020-04-12/meho-ios 4-12-20, 3.25 PM.xcarchive/Products/Applications/meho-ios.app/Frameworks/AWSUserPoolsSignIn.framework'>', codeSigningInfo='<_DVTCodeSigningInformation_Path: 0x7ff6099ba940; isSigned='1', isAdHocSigned='0', signingCertificate='<DVTSigningCertificate: 0x7ff5ebe0d3c0; name='Apple Development: jiaxi.xiong.meho@gmail.com (BXUKF7SMD3)', hash='78C2027EF999BC5BCEEFB7AD924EF75C5302D4C7', serialNumber='5E2C374C8CC1F72D', certificateKinds='(
    "1.2.840.113635.100.6.1.12",
    "1.2.840.113635.100.6.1.2"
), issueDate='2020-03-30 03:46:29 +0000''>', entitlements='(null)', teamID='LW56PXHU2T', identifier='org.cocoapods.AWSUserPoolsSignIn', executablePath='<DVTFilePath:0x7ff5ff6edbf0:'/Users/mehodev/Library/Developer/Xcode/Archives/2020-04-12/meho-ios 4-12-20, 3.25 PM.xcarchive/Products/Applications/meho-ios.app/Frameworks/AWSUserPoolsSignIn.framework/AWSUserPoolsSignIn'>', hardenedRuntime='0'>'>
2020-04-13 01:11:49 +0000  Skipping stripping extended attributes of item: <IDEDistributionItem: 0x7ff5efd515b0; bundleID='org.cocoapods.FBSDKCoreKit', path='<DVTFilePath:0x7ff5ec905880:'/Users/mehodev/Library/Developer/Xcode/Archives/2020-04-12/meho-ios 4-12-20, 3.25 PM.xcarchive/Products/Applications/meho-ios.app/Frameworks/FBSDKCoreKit.framework'>', codeSigningInfo='<_DVTCodeSigningInformation_Path: 0x7ff60536f7e0; isSigned='1', isAdHocSigned='0', signingCertificate='<DVTSigningCertificate: 0x7ff5ebe0d3c0; name='Apple Development: jiaxi.xiong.meho@gmail.com (BXUKF7SMD3)', hash='78C2027EF999BC5BCEEFB7AD924EF75C5302D4C7', serialNumber='5E2C374C8CC1F72D', certificateKinds='(
    "1.2.840.113635.100.6.1.12",
    "1.2.840.113635.100.6.1.2"
), issueDate='2020-03-30 03:46:29 +0000''>', entitlements='(null)', teamID='LW56PXHU2T', identifier='org.cocoapods.FBSDKCoreKit', executablePath='<DVTFilePath:0x7ff5ed969090:'/Users/mehodev/Library/Developer/Xcode/Archives/2020-04-12/meho-ios 4-12-20, 3.25 PM.xcarchive/Products/Applications/meho-ios.app/Frameworks/FBSDKCoreKit.framework/FBSDKCoreKit'>', hardenedRuntime='0'>'>
2020-04-13 01:11:49 +0000  Skipping stripping extended attributes of item: <IDEDistributionItem: 0x7ff5ee3bc4b0; bundleID='org.cocoapods.FBSDKLoginKit', path='<DVTFilePath:0x7ff5ed96a500:'/Users/mehodev/Library/Developer/Xcode/Archives/2020-04-12/meho-ios 4-12-20, 3.25 PM.xcarchive/Products/Applications/meho-ios.app/Frameworks/FBSDKLoginKit.framework'>', codeSigningInfo='<_DVTCodeSigningInformation_Path: 0x7ff5efbd5f60; isSigned='1', isAdHocSigned='0', signingCertificate='<DVTSigningCertificate: 0x7ff5ebe0d3c0; name='Apple Development: jiaxi.xiong.meho@gmail.com (BXUKF7SMD3)', hash='78C2027EF999BC5BCEEFB7AD924EF75C5302D4C7', serialNumber='5E2C374C8CC1F72D', certificateKinds='(
    "1.2.840.113635.100.6.1.12",
    "1.2.840.113635.100.6.1.2"
), issueDate='2020-03-30 03:46:29 +0000''>', entitlements='(null)', teamID='LW56PXHU2T', identifier='org.cocoapods.FBSDKLoginKit', executablePath='<DVTFilePath:0x7ff5eeeec820:'/Users/mehodev/Library/Developer/Xcode/Archives/2020-04-12/meho-ios 4-12-20, 3.25 PM.xcarchive/Products/Applications/meho-ios.app/Frameworks/FBSDKLoginKit.framework/FBSDKLoginKit'>', hardenedRuntime='0'>'>
2020-04-13 01:11:49 +0000  Skipping stripping extended attributes of item: <IDEDistributionItem: 0x7ff5eff5cea0; bundleID='org.cocoapods.GTMSessionFetcher', path='<DVTFilePath:0x7ff5eeec5ff0:'/Users/mehodev/Library/Developer/Xcode/Archives/2020-04-12/meho-ios 4-12-20, 3.25 PM.xcarchive/Products/Applications/meho-ios.app/Frameworks/GTMSessionFetcher.framework'>', codeSigningInfo='<_DVTCodeSigningInformation_Path: 0x7ff5ebe16c70; isSigned='1', isAdHocSigned='0', signingCertificate='<DVTSigningCertificate: 0x7ff5ebe0d3c0; name='Apple Development: jiaxi.xiong.meho@gmail.com (BXUKF7SMD3)', hash='78C2027EF999BC5BCEEFB7AD924EF75C5302D4C7', serialNumber='5E2C374C8CC1F72D', certificateKinds='(
    "1.2.840.113635.100.6.1.12",
    "1.2.840.113635.100.6.1.2"
), issueDate='2020-03-30 03:46:29 +0000''>', entitlements='(null)', teamID='LW56PXHU2T', identifier='org.cocoapods.GTMSessionFetcher', executablePath='<DVTFilePath:0x7ff5eeec7060:'/Users/mehodev/Library/Developer/Xcode/Archives/2020-04-12/meho-ios 4-12-20, 3.25 PM.xcarchive/Products/Applications/meho-ios.app/Frameworks/GTMSessionFetcher.framework/GTMSessionFetcher'>', hardenedRuntime='0'>'>
2020-04-13 01:11:49 +0000  Skipping stripping extended attributes of item: <IDEDistributionItem: 0x7ff5eff00f80; bundleID='org.cocoapods.GoogleToolboxForMac', path='<DVTFilePath:0x7ff5eee0fa30:'/Users/mehodev/Library/Developer/Xcode/Archives/2020-04-12/meho-ios 4-12-20, 3.25 PM.xcarchive/Products/Applications/meho-ios.app/Frameworks/GoogleToolboxForMac.framework'>', codeSigningInfo='<_DVTCodeSigningInformation_Path: 0x7ff5ec90b5c0; isSigned='1', isAdHocSigned='0', signingCertificate='<DVTSigningCertificate: 0x7ff5ebe0d3c0; name='Apple Development: jiaxi.xiong.meho@gmail.com (BXUKF7SMD3)', hash='78C2027EF999BC5BCEEFB7AD924EF75C5302D4C7', serialNumber='5E2C374C8CC1F72D', certificateKinds='(
    "1.2.840.113635.100.6.1.12",
    "1.2.840.113635.100.6.1.2"
), issueDate='2020-03-30 03:46:29 +0000''>', entitlements='(null)', teamID='LW56PXHU2T', identifier='org.cocoapods.GoogleToolboxForMac', executablePath='<DVTFilePath:0x7ff5eeeb5210:'/Users/mehodev/Library/Developer/Xcode/Archives/2020-04-12/meho-ios 4-12-20, 3.25 PM.xcarchive/Products/Applications/meho-ios.app/Frameworks/GoogleToolboxForMac.framework/GoogleToolboxForMac'>', hardenedRuntime='0'>'>
2020-04-13 01:11:49 +0000  Running /usr/bin/xattr '-crs' '/var/folders/fs/z9n7k_x968lfd144ssfxj7fh0000gp/T/XcodeDistPipeline.~~~wdQW6i/Root/Payload/meho-ios.app'
2020-04-13 01:11:49 +0000  /usr/bin/xattr exited with 0
2020-04-13 01:11:49 +0000  Processing step: IDEDistributionCodesignStep
2020-04-13 01:11:49 +0000  Entitlements for <IDEDistributionItem: 0x7ff5ec93a1f0; bundleID='org.cocoapods.AWSAuthCore', path='<DVTFilePath:0x7ff5ed660970:'/Users/mehodev/Library/Developer/Xcode/Archives/2020-04-12/meho-ios 4-12-20, 3.25 PM.xcarchive/Products/Applications/meho-ios.app/Frameworks/AWSAuthCore.framework'>', codeSigningInfo='<_DVTCodeSigningInformation_Path: 0x7ff6035d8aa0; isSigned='1', isAdHocSigned='0', signingCertificate='<DVTSigningCertificate: 0x7ff5ebe0d3c0; name='Apple Development: jiaxi.xiong.meho@gmail.com (BXUKF7SMD3)', hash='78C2027EF999BC5BCEEFB7AD924EF75C5302D4C7', serialNumber='5E2C374C8CC1F72D', certificateKinds='(
    "1.2.840.113635.100.6.1.12",
    "1.2.840.113635.100.6.1.2"
), issueDate='2020-03-30 03:46:29 +0000''>', entitlements='(null)', teamID='LW56PXHU2T', identifier='org.cocoapods.AWSAuthCore', executablePath='<DVTFilePath:0x7ff5ed6c2260:'/Users/mehodev/Library/Developer/Xcode/Archives/2020-04-12/meho-ios 4-12-20, 3.25 PM.xcarchive/Products/Applications/meho-ios.app/Frameworks/AWSAuthCore.framework/AWSAuthCore'>', hardenedRuntime='0'>'>: {
}
2020-04-13 01:11:49 +0000  Writing entitlements for <IDEDistributionItem: 0x7ff5ec93a1f0; bundleID='org.cocoapods.AWSAuthCore', path='<DVTFilePath:0x7ff5ed660970:'/Users/mehodev/Library/Developer/Xcode/Archives/2020-04-12/meho-ios 4-12-20, 3.25 PM.xcarchive/Products/Applications/meho-ios.app/Frameworks/AWSAuthCore.framework'>', codeSigningInfo='<_DVTCodeSigningInformation_Path: 0x7ff6035d8aa0; isSigned='1', isAdHocSigned='0', signingCertificate='<DVTSigningCertificate: 0x7ff5ec87e7c0; name='Apple Development: jiaxi.xiong.meho@gmail.com (BXUKF7SMD3)', hash='78C2027EF999BC5BCEEFB7AD924EF75C5302D4C7', serialNumber='5E2C374C8CC1F72D', certificateKinds='(
    "1.2.840.113635.100.6.1.12",
    "1.2.840.113635.100.6.1.2"
), issueDate='2020-03-30 03:46:29 +0000''>', entitlements='(null)', teamID='LW56PXHU2T', identifier='org.cocoapods.AWSAuthCore', executablePath='<DVTFilePath:0x7ff5ed6c2260:'/Users/mehodev/Library/Developer/Xcode/Archives/2020-04-12/meho-ios 4-12-20, 3.25 PM.xcarchive/Products/Applications/meho-ios.app/Frameworks/AWSAuthCore.framework/AWSAuthCore'>', hardenedRuntime='0'>'> to: /var/folders/fs/z9n7k_x968lfd144ssfxj7fh0000gp/T/XcodeDistPipeline.~~~wdQW6i/entitlements~~~WtIJCD
2020-04-13 01:11:49 +0000  Running /usr/bin/codesign '-vvv' '--force' '--sign' 'F4B7B01BFA63882F6F02A9DE90DB3BCDA1590AE5' '--entitlements' '/var/folders/fs/z9n7k_x968lfd144ssfxj7fh0000gp/T/XcodeDistPipeline.~~~wdQW6i/entitlements~~~WtIJCD' '--preserve-metadata=identifier,flags,runtime' '/var/folders/fs/z9n7k_x968lfd144ssfxj7fh0000gp/T/XcodeDistPipeline.~~~wdQW6i/Root/Payload/meho-ios.app/Frameworks/AWSAuthCore.framework'
2020-04-13 01:11:49 +0000  /var/folders/fs/z9n7k_x968lfd144ssfxj7fh0000gp/T/XcodeDistPipeline.~~~wdQW6i/Root/Payload/meho-ios.app/Frameworks/AWSAuthCore.framework: signed bundle with Mach-O universal (arm64) [org.cocoapods.AWSAuthCore]
2020-04-13 01:11:49 +0000  /usr/bin/codesign exited with 0
2020-04-13 01:11:49 +0000  Entitlements for <IDEDistributionItem: 0x7ff5ec94e100; bundleID='org.cocoapods.AWSAuthUI', path='<DVTFilePath:0x7ff5ed622d90:'/Users/mehodev/Library/Developer/Xcode/Archives/2020-04-12/meho-ios 4-12-20, 3.25 PM.xcarchive/Products/Applications/meho-ios.app/Frameworks/AWSAuthUI.framework'>', codeSigningInfo='<_DVTCodeSigningInformation_Path: 0x7ff60194bff0; isSigned='1', isAdHocSigned='0', signingCertificate='<DVTSigningCertificate: 0x7ff5edbd3800; name='Apple Development: jiaxi.xiong.meho@gmail.com (BXUKF7SMD3)', hash='78C2027EF999BC5BCEEFB7AD924EF75C5302D4C7', serialNumber='5E2C374C8CC1F72D', certificateKinds='(
    "1.2.840.113635.100.6.1.12",
    "1.2.840.113635.100.6.1.2"
), issueDate='2020-03-30 03:46:29 +0000''>', entitlements='(null)', teamID='LW56PXHU2T', identifier='org.cocoapods.AWSAuthUI', executablePath='<DVTFilePath:0x7ff5efae91e0:'/Users/mehodev/Library/Developer/Xcode/Archives/2020-04-12/meho-ios 4-12-20, 3.25 PM.xcarchive/Products/Applications/meho-ios.app/Frameworks/AWSAuthUI.framework/AWSAuthUI'>', hardenedRuntime='0'>'>: {
}
2020-04-13 01:11:49 +0000  Writing entitlements for <IDEDistributionItem: 0x7ff5ec94e100; bundleID='org.cocoapods.AWSAuthUI', path='<DVTFilePath:0x7ff5ed622d90:'/Users/mehodev/Library/Developer/Xcode/Archives/2020-04-12/meho-ios 4-12-20, 3.25 PM.xcarchive/Products/Applications/meho-ios.app/Frameworks/AWSAuthUI.framework'>', codeSigningInfo='<_DVTCodeSigningInformation_Path: 0x7ff60194bff0; isSigned='1', isAdHocSigned='0', signingCertificate='<DVTSigningCertificate: 0x7ff609fc5870; name='Apple Development: jiaxi.xiong.meho@gmail.com (BXUKF7SMD3)', hash='78C2027EF999BC5BCEEFB7AD924EF75C5302D4C7', serialNumber='5E2C374C8CC1F72D', certificateKinds='(
    "1.2.840.113635.100.6.1.12",
    "1.2.840.113635.100.6.1.2"
), issueDate='2020-03-30 03:46:29 +0000''>', entitlements='(null)', teamID='LW56PXHU2T', identifier='org.cocoapods.AWSAuthUI', executablePath='<DVTFilePath:0x7ff5efae91e0:'/Users/mehodev/Library/Developer/Xcode/Archives/2020-04-12/meho-ios 4-12-20, 3.25 PM.xcarchive/Products/Applications/meho-ios.app/Frameworks/AWSAuthUI.framework/AWSAuthUI'>', hardenedRuntime='0'>'> to: /var/folders/fs/z9n7k_x968lfd144ssfxj7fh0000gp/T/XcodeDistPipeline.~~~wdQW6i/entitlements~~~7ARAdr
2020-04-13 01:11:49 +0000  Running /usr/bin/codesign '-vvv' '--force' '--sign' 'F4B7B01BFA63882F6F02A9DE90DB3BCDA1590AE5' '--entitlements' '/var/folders/fs/z9n7k_x968lfd144ssfxj7fh0000gp/T/XcodeDistPipeline.~~~wdQW6i/entitlements~~~7ARAdr' '--preserve-metadata=identifier,flags,runtime' '/var/folders/fs/z9n7k_x968lfd144ssfxj7fh0000gp/T/XcodeDistPipeline.~~~wdQW6i/Root/Payload/meho-ios.app/Frameworks/AWSAuthUI.framework'
2020-04-13 01:11:49 +0000  /var/folders/fs/z9n7k_x968lfd144ssfxj7fh0000gp/T/XcodeDistPipeline.~~~wdQW6i/Root/Payload/meho-ios.app/Frameworks/AWSAuthUI.framework: signed bundle with Mach-O universal (arm64) [org.cocoapods.AWSAuthUI]
2020-04-13 01:11:49 +0000  /usr/bin/codesign exited with 0
2020-04-13 01:11:49 +0000  Entitlements for <IDEDistributionItem: 0x7ff6035d8510; bundleID='org.cocoapods.AWSCognitoIdentityProvider', path='<DVTFilePath:0x7ff5efae9a20:'/Users/mehodev/Library/Developer/Xcode/Archives/2020-04-12/meho-ios 4-12-20, 3.25 PM.xcarchive/Products/Applications/meho-ios.app/Frameworks/AWSCognitoIdentityProvider.framework'>', codeSigningInfo='<_DVTCodeSigningInformation_Path: 0x7ff60359fd80; isSigned='1', isAdHocSigned='0', signingCertificate='<DVTSigningCertificate: 0x7ff5edbd3800; name='Apple Development: jiaxi.xiong.meho@gmail.com (BXUKF7SMD3)', hash='78C2027EF999BC5BCEEFB7AD924EF75C5302D4C7', serialNumber='5E2C374C8CC1F72D', certificateKinds='(
    "1.2.840.113635.100.6.1.12",
    "1.2.840.113635.100.6.1.2"
), issueDate='2020-03-30 03:46:29 +0000''>', entitlements='(null)', teamID='LW56PXHU2T', identifier='org.cocoapods.AWSCognitoIdentityProvider', executablePath='<DVTFilePath:0x7ff5efa59ca0:'/Users/mehodev/Library/Developer/Xcode/Archives/2020-04-12/meho-ios 4-12-20, 3.25 PM.xcarchive/Products/Applications/meho-ios.app/Frameworks/AWSCognitoIdentityProvider.framework/AWSCognitoIdentityProvider'>', hardenedRuntime='0'>'>: {
}
2020-04-13 01:11:49 +0000  Writing entitlements for <IDEDistributionItem: 0x7ff6035d8510; bundleID='org.cocoapods.AWSCognitoIdentityProvider', path='<DVTFilePath:0x7ff5efae9a20:'/Users/mehodev/Library/Developer/Xcode/Archives/2020-04-12/meho-ios 4-12-20, 3.25 PM.xcarchive/Products/Applications/meho-ios.app/Frameworks/AWSCognitoIdentityProvider.framework'>', codeSigningInfo='<_DVTCodeSigningInformation_Path: 0x7ff60359fd80; isSigned='1', isAdHocSigned='0', signingCertificate='<DVTSigningCertificate: 0x7ff5edf97b10; name='Apple Development: jiaxi.xiong.meho@gmail.com (BXUKF7SMD3)', hash='78C2027EF999BC5BCEEFB7AD924EF75C5302D4C7', serialNumber='5E2C374C8CC1F72D', certificateKinds='(
    "1.2.840.113635.100.6.1.12",
    "1.2.840.113635.100.6.1.2"
), issueDate='2020-03-30 03:46:29 +0000''>', entitlements='(null)', teamID='LW56PXHU2T', identifier='org.cocoapods.AWSCognitoIdentityProvider', executablePath='<DVTFilePath:0x7ff5efa59ca0:'/Users/mehodev/Library/Developer/Xcode/Archives/2020-04-12/meho-ios 4-12-20, 3.25 PM.xcarchive/Products/Applications/meho-ios.app/Frameworks/AWSCognitoIdentityProvider.framework/AWSCognitoIdentityProvider'>', hardenedRuntime='0'>'> to: /var/folders/fs/z9n7k_x968lfd144ssfxj7fh0000gp/T/XcodeDistPipeline.~~~wdQW6i/entitlements~~~bRANUO
2020-04-13 01:11:49 +0000  Running /usr/bin/codesign '-vvv' '--force' '--sign' 'F4B7B01BFA63882F6F02A9DE90DB3BCDA1590AE5' '--entitlements' '/var/folders/fs/z9n7k_x968lfd144ssfxj7fh0000gp/T/XcodeDistPipeline.~~~wdQW6i/entitlements~~~bRANUO' '--preserve-metadata=identifier,flags,runtime' '/var/folders/fs/z9n7k_x968lfd144ssfxj7fh0000gp/T/XcodeDistPipeline.~~~wdQW6i/Root/Payload/meho-ios.app/Frameworks/AWSCognitoIdentityProvider.framework'
2020-04-13 01:11:49 +0000  /var/folders/fs/z9n7k_x968lfd144ssfxj7fh0000gp/T/XcodeDistPipeline.~~~wdQW6i/Root/Payload/meho-ios.app/Frameworks/AWSCognitoIdentityProvider.framework: signed bundle with Mach-O universal (arm64) [org.cocoapods.AWSCognitoIdentityProvider]
2020-04-13 01:11:49 +0000  /usr/bin/codesign exited with 0
2020-04-13 01:11:49 +0000  Entitlements for <IDEDistributionItem: 0x7ff5eff0da60; bundleID='org.cocoapods.AWSCognitoIdentityProviderASF', path='<DVTFilePath:0x7ff5ff625570:'/Users/mehodev/Library/Developer/Xcode/Archives/2020-04-12/meho-ios 4-12-20, 3.25 PM.xcarchive/Products/Applications/meho-ios.app/Frameworks/AWSCognitoIdentityProviderASF.framework'>', codeSigningInfo='<_DVTCodeSigningInformation_Path: 0x7ff60027b870; isSigned='1', isAdHocSigned='0', signingCertificate='<DVTSigningCertificate: 0x7ff5edbd3800; name='Apple Development: jiaxi.xiong.meho@gmail.com (BXUKF7SMD3)', hash='78C2027EF999BC5BCEEFB7AD924EF75C5302D4C7', serialNumber='5E2C374C8CC1F72D', certificateKinds='(
    "1.2.840.113635.100.6.1.12",
    "1.2.840.113635.100.6.1.2"
), issueDate='2020-03-30 03:46:29 +0000''>', entitlements='(null)', teamID='LW56PXHU2T', identifier='org.cocoapods.AWSCognitoIdentityProviderASF', executablePath='<DVTFilePath:0x7ff5ff6f56a0:'/Users/mehodev/Library/Developer/Xcode/Archives/2020-04-12/meho-ios 4-12-20, 3.25 PM.xcarchive/Products/Applications/meho-ios.app/Frameworks/AWSCognitoIdentityProviderASF.framework/AWSCognitoIdentityProviderASF'>', hardenedRuntime='0'>'>: {
}
2020-04-13 01:11:49 +0000  Writing entitlements for <IDEDistributionItem: 0x7ff5eff0da60; bundleID='org.cocoapods.AWSCognitoIdentityProviderASF', path='<DVTFilePath:0x7ff5ff625570:'/Users/mehodev/Library/Developer/Xcode/Archives/2020-04-12/meho-ios 4-12-20, 3.25 PM.xcarchive/Products/Applications/meho-ios.app/Frameworks/AWSCognitoIdentityProviderASF.framework'>', codeSigningInfo='<_DVTCodeSigningInformation_Path: 0x7ff60027b870; isSigned='1', isAdHocSigned='0', signingCertificate='<DVTSigningCertificate: 0x7ff6035e08b0; name='Apple Development: jiaxi.xiong.meho@gmail.com (BXUKF7SMD3)', hash='78C2027EF999BC5BCEEFB7AD924EF75C5302D4C7', serialNumber='5E2C374C8CC1F72D', certificateKinds='(
    "1.2.840.113635.100.6.1.12",
    "1.2.840.113635.100.6.1.2"
), issueDate='2020-03-30 03:46:29 +0000''>', entitlements='(null)', teamID='LW56PXHU2T', identifier='org.cocoapods.AWSCognitoIdentityProviderASF', executablePath='<DVTFilePath:0x7ff5ff6f56a0:'/Users/mehodev/Library/Developer/Xcode/Archives/2020-04-12/meho-ios 4-12-20, 3.25 PM.xcarchive/Products/Applications/meho-ios.app/Frameworks/AWSCognitoIdentityProviderASF.framework/AWSCognitoIdentityProviderASF'>', hardenedRuntime='0'>'> to: /var/folders/fs/z9n7k_x968lfd144ssfxj7fh0000gp/T/XcodeDistPipeline.~~~wdQW6i/entitlements~~~61A3kG
2020-04-13 01:11:49 +0000  Running /usr/bin/codesign '-vvv' '--force' '--sign' 'F4B7B01BFA63882F6F02A9DE90DB3BCDA1590AE5' '--entitlements' '/var/folders/fs/z9n7k_x968lfd144ssfxj7fh0000gp/T/XcodeDistPipeline.~~~wdQW6i/entitlements~~~61A3kG' '--preserve-metadata=identifier,flags,runtime' '/var/folders/fs/z9n7k_x968lfd144ssfxj7fh0000gp/T/XcodeDistPipeline.~~~wdQW6i/Root/Payload/meho-ios.app/Frameworks/AWSCognitoIdentityProviderASF.framework'
2020-04-13 01:11:49 +0000  /var/folders/fs/z9n7k_x968lfd144ssfxj7fh0000gp/T/XcodeDistPipeline.~~~wdQW6i/Root/Payload/meho-ios.app/Frameworks/AWSCognitoIdentityProviderASF.framework: signed bundle with Mach-O universal (arm64) [org.cocoapods.AWSCognitoIdentityProviderASF]
2020-04-13 01:11:49 +0000  /usr/bin/codesign exited with 0
2020-04-13 01:11:49 +0000  Entitlements for <IDEDistributionItem: 0x7ff6035d8e20; bundleID='org.cocoapods.AWSCore', path='<DVTFilePath:0x7ff5ff6e67d0:'/Users/mehodev/Library/Developer/Xcode/Archives/2020-04-12/meho-ios 4-12-20, 3.25 PM.xcarchive/Products/Applications/meho-ios.app/Frameworks/AWSCore.framework'>', codeSigningInfo='<_DVTCodeSigningInformation_Path: 0x7ff5eff011c0; isSigned='1', isAdHocSigned='0', signingCertificate='<DVTSigningCertificate: 0x7ff5ec884ac0; name='Apple Development: jiaxi.xiong.meho@gmail.com (BXUKF7SMD3)', hash='78C2027EF999BC5BCEEFB7AD924EF75C5302D4C7', serialNumber='5E2C374C8CC1F72D', certificateKinds='(
    "1.2.840.113635.100.6.1.12",
    "1.2.840.113635.100.6.1.2"
), issueDate='2020-03-30 03:46:29 +0000''>', entitlements='(null)', teamID='LW56PXHU2T', identifier='org.cocoapods.AWSCore', executablePath='<DVTFilePath:0x7ff5efa720f0:'/Users/mehodev/Library/Developer/Xcode/Archives/2020-04-12/meho-ios 4-12-20, 3.25 PM.xcarchive/Products/Applications/meho-ios.app/Frameworks/AWSCore.framework/AWSCore'>', hardenedRuntime='0'>'>: {
}
2020-04-13 01:11:49 +0000  Writing entitlements for <IDEDistributionItem: 0x7ff6035d8e20; bundleID='org.cocoapods.AWSCore', path='<DVTFilePath:0x7ff5ff6e67d0:'/Users/mehodev/Library/Developer/Xcode/Archives/2020-04-12/meho-ios 4-12-20, 3.25 PM.xcarchive/Products/Applications/meho-ios.app/Frameworks/AWSCore.framework'>', codeSigningInfo='<_DVTCodeSigningInformation_Path: 0x7ff5eff011c0; isSigned='1', isAdHocSigned='0', signingCertificate='<DVTSigningCertificate: 0x7ff5ec9917b0; name='Apple Development: jiaxi.xiong.meho@gmail.com (BXUKF7SMD3)', hash='78C2027EF999BC5BCEEFB7AD924EF75C5302D4C7', serialNumber='5E2C374C8CC1F72D', certificateKinds='(
    "1.2.840.113635.100.6.1.12",
    "1.2.840.113635.100.6.1.2"
), issueDate='2020-03-30 03:46:29 +0000''>', entitlements='(null)', teamID='LW56PXHU2T', identifier='org.cocoapods.AWSCore', executablePath='<DVTFilePath:0x7ff5efa720f0:'/Users/mehodev/Library/Developer/Xcode/Archives/2020-04-12/meho-ios 4-12-20, 3.25 PM.xcarchive/Products/Applications/meho-ios.app/Frameworks/AWSCore.framework/AWSCore'>', hardenedRuntime='0'>'> to: /var/folders/fs/z9n7k_x968lfd144ssfxj7fh0000gp/T/XcodeDistPipeline.~~~wdQW6i/entitlements~~~gfhqbQ
2020-04-13 01:11:49 +0000  Running /usr/bin/codesign '-vvv' '--force' '--sign' 'F4B7B01BFA63882F6F02A9DE90DB3BCDA1590AE5' '--entitlements' '/var/folders/fs/z9n7k_x968lfd144ssfxj7fh0000gp/T/XcodeDistPipeline.~~~wdQW6i/entitlements~~~gfhqbQ' '--preserve-metadata=identifier,flags,runtime' '/var/folders/fs/z9n7k_x968lfd144ssfxj7fh0000gp/T/XcodeDistPipeline.~~~wdQW6i/Root/Payload/meho-ios.app/Frameworks/AWSCore.framework'
2020-04-13 01:11:49 +0000  /var/folders/fs/z9n7k_x968lfd144ssfxj7fh0000gp/T/XcodeDistPipeline.~~~wdQW6i/Root/Payload/meho-ios.app/Frameworks/AWSCore.framework: signed bundle with Mach-O universal (arm64) [org.cocoapods.AWSCore]
2020-04-13 01:11:49 +0000  /usr/bin/codesign exited with 0
2020-04-13 01:11:49 +0000  Entitlements for <IDEDistributionItem: 0x7ff5ee427a50; bundleID='org.cocoapods.AWSFacebookSignIn', path='<DVTFilePath:0x7ff5efab67b0:'/Users/mehodev/Library/Developer/Xcode/Archives/2020-04-12/meho-ios 4-12-20, 3.25 PM.xcarchive/Products/Applications/meho-ios.app/Frameworks/AWSFacebookSignIn.framework'>', codeSigningInfo='<_DVTCodeSigningInformation_Path: 0x7ff5ebe2a770; isSigned='1', isAdHocSigned='0', signingCertificate='<DVTSigningCertificate: 0x7ff5ee35a1d0; name='Apple Development: jiaxi.xiong.meho@gmail.com (BXUKF7SMD3)', hash='78C2027EF999BC5BCEEFB7AD924EF75C5302D4C7', serialNumber='5E2C374C8CC1F72D', certificateKinds='(
    "1.2.840.113635.100.6.1.12",
    "1.2.840.113635.100.6.1.2"
), issueDate='2020-03-30 03:46:29 +0000''>', entitlements='(null)', teamID='LW56PXHU2T', identifier='org.cocoapods.AWSFacebookSignIn', executablePath='<DVTFilePath:0x7ff5ff622ed0:'/Users/mehodev/Library/Developer/Xcode/Archives/2020-04-12/meho-ios 4-12-20, 3.25 PM.xcarchive/Products/Applications/meho-ios.app/Frameworks/AWSFacebookSignIn.framework/AWSFacebookSignIn'>', hardenedRuntime='0'>'>: {
}
2020-04-13 01:11:49 +0000  Writing entitlements for <IDEDistributionItem: 0x7ff5ee427a50; bundleID='org.cocoapods.AWSFacebookSignIn', path='<DVTFilePath:0x7ff5efab67b0:'/Users/mehodev/Library/Developer/Xcode/Archives/2020-04-12/meho-ios 4-12-20, 3.25 PM.xcarchive/Products/Applications/meho-ios.app/Frameworks/AWSFacebookSignIn.framework'>', codeSigningInfo='<_DVTCodeSigningInformation_Path: 0x7ff5ebe2a770; isSigned='1', isAdHocSigned='0', signingCertificate='<DVTSigningCertificate: 0x7ff5ee6a0cc0; name='Apple Development: jiaxi.xiong.meho@gmail.com (BXUKF7SMD3)', hash='78C2027EF999BC5BCEEFB7AD924EF75C5302D4C7', serialNumber='5E2C374C8CC1F72D', certificateKinds='(
    "1.2.840.113635.100.6.1.12",
    "1.2.840.113635.100.6.1.2"
), issueDate='2020-03-30 03:46:29 +0000''>', entitlements='(null)', teamID='LW56PXHU2T', identifier='org.cocoapods.AWSFacebookSignIn', executablePath='<DVTFilePath:0x7ff5ff622ed0:'/Users/mehodev/Library/Developer/Xcode/Archives/2020-04-12/meho-ios 4-12-20, 3.25 PM.xcarchive/Products/Applications/meho-ios.app/Frameworks/AWSFacebookSignIn.framework/AWSFacebookSignIn'>', hardenedRuntime='0'>'> to: /var/folders/fs/z9n7k_x968lfd144ssfxj7fh0000gp/T/XcodeDistPipeline.~~~wdQW6i/entitlements~~~hmcYRP
2020-04-13 01:11:49 +0000  Running /usr/bin/codesign '-vvv' '--force' '--sign' 'F4B7B01BFA63882F6F02A9DE90DB3BCDA1590AE5' '--entitlements' '/var/folders/fs/z9n7k_x968lfd144ssfxj7fh0000gp/T/XcodeDistPipeline.~~~wdQW6i/entitlements~~~hmcYRP' '--preserve-metadata=identifier,flags,runtime' '/var/folders/fs/z9n7k_x968lfd144ssfxj7fh0000gp/T/XcodeDistPipeline.~~~wdQW6i/Root/Payload/meho-ios.app/Frameworks/AWSFacebookSignIn.framework'
2020-04-13 01:11:50 +0000  /var/folders/fs/z9n7k_x968lfd144ssfxj7fh0000gp/T/XcodeDistPipeline.~~~wdQW6i/Root/Payload/meho-ios.app/Frameworks/AWSFacebookSignIn.framework: signed bundle with Mach-O universal (arm64) [org.cocoapods.AWSFacebookSignIn]
2020-04-13 01:11:50 +0000  /usr/bin/codesign exited with 0
2020-04-13 01:11:50 +0000  Entitlements for <IDEDistributionItem: 0x7ff5edb3f460; bundleID='org.cocoapods.AWSGoogleSignIn', path='<DVTFilePath:0x7ff5ff6fbcf0:'/Users/mehodev/Library/Developer/Xcode/Archives/2020-04-12/meho-ios 4-12-20, 3.25 PM.xcarchive/Products/Applications/meho-ios.app/Frameworks/AWSGoogleSignIn.framework'>', codeSigningInfo='<_DVTCodeSigningInformation_Path: 0x7ff5ec94e170; isSigned='1', isAdHocSigned='0', signingCertificate='<DVTSigningCertificate: 0x7ff5ee4b0170; name='Apple Development: jiaxi.xiong.meho@gmail.com (BXUKF7SMD3)', hash='78C2027EF999BC5BCEEFB7AD924EF75C5302D4C7', serialNumber='5E2C374C8CC1F72D', certificateKinds='(
    "1.2.840.113635.100.6.1.12",
    "1.2.840.113635.100.6.1.2"
), issueDate='2020-03-30 03:46:29 +0000''>', entitlements='(null)', teamID='LW56PXHU2T', identifier='org.cocoapods.AWSGoogleSignIn', executablePath='<DVTFilePath:0x7ff5ec9d7410:'/Users/mehodev/Library/Developer/Xcode/Archives/2020-04-12/meho-ios 4-12-20, 3.25 PM.xcarchive/Products/Applications/meho-ios.app/Frameworks/AWSGoogleSignIn.framework/AWSGoogleSignIn'>', hardenedRuntime='0'>'>: {
}
2020-04-13 01:11:50 +0000  Writing entitlements for <IDEDistributionItem: 0x7ff5edb3f460; bundleID='org.cocoapods.AWSGoogleSignIn', path='<DVTFilePath:0x7ff5ff6fbcf0:'/Users/mehodev/Library/Developer/Xcode/Archives/2020-04-12/meho-ios 4-12-20, 3.25 PM.xcarchive/Products/Applications/meho-ios.app/Frameworks/AWSGoogleSignIn.framework'>', codeSigningInfo='<_DVTCodeSigningInformation_Path: 0x7ff5ec94e170; isSigned='1', isAdHocSigned='0', signingCertificate='<DVTSigningCertificate: 0x7ff60a513ec0; name='Apple Development: jiaxi.xiong.meho@gmail.com (BXUKF7SMD3)', hash='78C2027EF999BC5BCEEFB7AD924EF75C5302D4C7', serialNumber='5E2C374C8CC1F72D', certificateKinds='(
    "1.2.840.113635.100.6.1.12",
    "1.2.840.113635.100.6.1.2"
), issueDate='2020-03-30 03:46:29 +0000''>', entitlements='(null)', teamID='LW56PXHU2T', identifier='org.cocoapods.AWSGoogleSignIn', executablePath='<DVTFilePath:0x7ff5ec9d7410:'/Users/mehodev/Library/Developer/Xcode/Archives/2020-04-12/meho-ios 4-12-20, 3.25 PM.xcarchive/Products/Applications/meho-ios.app/Frameworks/AWSGoogleSignIn.framework/AWSGoogleSignIn'>', hardenedRuntime='0'>'> to: /var/folders/fs/z9n7k_x968lfd144ssfxj7fh0000gp/T/XcodeDistPipeline.~~~wdQW6i/entitlements~~~ZOhy8F
2020-04-13 01:11:50 +0000  Running /usr/bin/codesign '-vvv' '--force' '--sign' 'F4B7B01BFA63882F6F02A9DE90DB3BCDA1590AE5' '--entitlements' '/var/folders/fs/z9n7k_x968lfd144ssfxj7fh0000gp/T/XcodeDistPipeline.~~~wdQW6i/entitlements~~~ZOhy8F' '--preserve-metadata=identifier,flags,runtime' '/var/folders/fs/z9n7k_x968lfd144ssfxj7fh0000gp/T/XcodeDistPipeline.~~~wdQW6i/Root/Payload/meho-ios.app/Frameworks/AWSGoogleSignIn.framework'
2020-04-13 01:11:50 +0000  /var/folders/fs/z9n7k_x968lfd144ssfxj7fh0000gp/T/XcodeDistPipeline.~~~wdQW6i/Root/Payload/meho-ios.app/Frameworks/AWSGoogleSignIn.framework: signed bundle with Mach-O universal (arm64) [org.cocoapods.AWSGoogleSignIn]
2020-04-13 01:11:50 +0000  /usr/bin/codesign exited with 0
2020-04-13 01:11:50 +0000  Entitlements for <IDEDistributionItem: 0x7ff5ec990270; bundleID='org.cocoapods.AWSMobileClient', path='<DVTFilePath:0x7ff5ff6ecdb0:'/Users/mehodev/Library/Developer/Xcode/Archives/2020-04-12/meho-ios 4-12-20, 3.25 PM.xcarchive/Products/Applications/meho-ios.app/Frameworks/AWSMobileClient.framework'>', codeSigningInfo='<_DVTCodeSigningInformation_Path: 0x7ff5ef2142b0; isSigned='1', isAdHocSigned='0', signingCertificate='<DVTSigningCertificate: 0x7ff5ee35a1d0; name='Apple Development: jiaxi.xiong.meho@gmail.com (BXUKF7SMD3)', hash='78C2027EF999BC5BCEEFB7AD924EF75C5302D4C7', serialNumber='5E2C374C8CC1F72D', certificateKinds='(
    "1.2.840.113635.100.6.1.12",
    "1.2.840.113635.100.6.1.2"
), issueDate='2020-03-30 03:46:29 +0000''>', entitlements='(null)', teamID='LW56PXHU2T', identifier='org.cocoapods.AWSMobileClient', executablePath='<DVTFilePath:0x7ff5ed66ce50:'/Users/mehodev/Library/Developer/Xcode/Archives/2020-04-12/meho-ios 4-12-20, 3.25 PM.xcarchive/Products/Applications/meho-ios.app/Frameworks/AWSMobileClient.framework/AWSMobileClient'>', hardenedRuntime='0'>'>: {
}
2020-04-13 01:11:50 +0000  Writing entitlements for <IDEDistributionItem: 0x7ff5ec990270; bundleID='org.cocoapods.AWSMobileClient', path='<DVTFilePath:0x7ff5ff6ecdb0:'/Users/mehodev/Library/Developer/Xcode/Archives/2020-04-12/meho-ios 4-12-20, 3.25 PM.xcarchive/Products/Applications/meho-ios.app/Frameworks/AWSMobileClient.framework'>', codeSigningInfo='<_DVTCodeSigningInformation_Path: 0x7ff5ef2142b0; isSigned='1', isAdHocSigned='0', signingCertificate='<DVTSigningCertificate: 0x7ff5ff9ca550; name='Apple Development: jiaxi.xiong.meho@gmail.com (BXUKF7SMD3)', hash='78C2027EF999BC5BCEEFB7AD924EF75C5302D4C7', serialNumber='5E2C374C8CC1F72D', certificateKinds='(
    "1.2.840.113635.100.6.1.12",
    "1.2.840.113635.100.6.1.2"
), issueDate='2020-03-30 03:46:29 +0000''>', entitlements='(null)', teamID='LW56PXHU2T', identifier='org.cocoapods.AWSMobileClient', executablePath='<DVTFilePath:0x7ff5ed66ce50:'/Users/mehodev/Library/Developer/Xcode/Archives/2020-04-12/meho-ios 4-12-20, 3.25 PM.xcarchive/Products/Applications/meho-ios.app/Frameworks/AWSMobileClient.framework/AWSMobileClient'>', hardenedRuntime='0'>'> to: /var/folders/fs/z9n7k_x968lfd144ssfxj7fh0000gp/T/XcodeDistPipeline.~~~wdQW6i/entitlements~~~eC707q
2020-04-13 01:11:50 +0000  Running /usr/bin/codesign '-vvv' '--force' '--sign' 'F4B7B01BFA63882F6F02A9DE90DB3BCDA1590AE5' '--entitlements' '/var/folders/fs/z9n7k_x968lfd144ssfxj7fh0000gp/T/XcodeDistPipeline.~~~wdQW6i/entitlements~~~eC707q' '--preserve-metadata=identifier,flags,runtime' '/var/folders/fs/z9n7k_x968lfd144ssfxj7fh0000gp/T/XcodeDistPipeline.~~~wdQW6i/Root/Payload/meho-ios.app/Frameworks/AWSMobileClient.framework'
2020-04-13 01:11:50 +0000  /var/folders/fs/z9n7k_x968lfd144ssfxj7fh0000gp/T/XcodeDistPipeline.~~~wdQW6i/Root/Payload/meho-ios.app/Frameworks/AWSMobileClient.framework: signed bundle with Mach-O universal (arm64) [org.cocoapods.AWSMobileClient]
2020-04-13 01:11:50 +0000  /usr/bin/codesign exited with 0
2020-04-13 01:11:50 +0000  Entitlements for <IDEDistributionItem: 0x7ff5fc09e110; bundleID='org.cocoapods.AWSUserPoolsSignIn', path='<DVTFilePath:0x7ff5efa97be0:'/Users/mehodev/Library/Developer/Xcode/Archives/2020-04-12/meho-ios 4-12-20, 3.25 PM.xcarchive/Products/Applications/meho-ios.app/Frameworks/AWSUserPoolsSignIn.framework'>', codeSigningInfo='<_DVTCodeSigningInformation_Path: 0x7ff6099ba940; isSigned='1', isAdHocSigned='0', signingCertificate='<DVTSigningCertificate: 0x7ff5eff85d30; name='Apple Development: jiaxi.xiong.meho@gmail.com (BXUKF7SMD3)', hash='78C2027EF999BC5BCEEFB7AD924EF75C5302D4C7', serialNumber='5E2C374C8CC1F72D', certificateKinds='(
    "1.2.840.113635.100.6.1.12",
    "1.2.840.113635.100.6.1.2"
), issueDate='2020-03-30 03:46:29 +0000''>', entitlements='(null)', teamID='LW56PXHU2T', identifier='org.cocoapods.AWSUserPoolsSignIn', executablePath='<DVTFilePath:0x7ff5ff6edbf0:'/Users/mehodev/Library/Developer/Xcode/Archives/2020-04-12/meho-ios 4-12-20, 3.25 PM.xcarchive/Products/Applications/meho-ios.app/Frameworks/AWSUserPoolsSignIn.framework/AWSUserPoolsSignIn'>', hardenedRuntime='0'>'>: {
}
2020-04-13 01:11:50 +0000  Writing entitlements for <IDEDistributionItem: 0x7ff5fc09e110; bundleID='org.cocoapods.AWSUserPoolsSignIn', path='<DVTFilePath:0x7ff5efa97be0:'/Users/mehodev/Library/Developer/Xcode/Archives/2020-04-12/meho-ios 4-12-20, 3.25 PM.xcarchive/Products/Applications/meho-ios.app/Frameworks/AWSUserPoolsSignIn.framework'>', codeSigningInfo='<_DVTCodeSigningInformation_Path: 0x7ff6099ba940; isSigned='1', isAdHocSigned='0', signingCertificate='<DVTSigningCertificate: 0x7ff5edf97b10; name='Apple Development: jiaxi.xiong.meho@gmail.com (BXUKF7SMD3)', hash='78C2027EF999BC5BCEEFB7AD924EF75C5302D4C7', serialNumber='5E2C374C8CC1F72D', certificateKinds='(
    "1.2.840.113635.100.6.1.12",
    "1.2.840.113635.100.6.1.2"
), issueDate='2020-03-30 03:46:29 +0000''>', entitlements='(null)', teamID='LW56PXHU2T', identifier='org.cocoapods.AWSUserPoolsSignIn', executablePath='<DVTFilePath:0x7ff5ff6edbf0:'/Users/mehodev/Library/Developer/Xcode/Archives/2020-04-12/meho-ios 4-12-20, 3.25 PM.xcarchive/Products/Applications/meho-ios.app/Frameworks/AWSUserPoolsSignIn.framework/AWSUserPoolsSignIn'>', hardenedRuntime='0'>'> to: /var/folders/fs/z9n7k_x968lfd144ssfxj7fh0000gp/T/XcodeDistPipeline.~~~wdQW6i/entitlements~~~ka6Kbq
2020-04-13 01:11:50 +0000  Running /usr/bin/codesign '-vvv' '--force' '--sign' 'F4B7B01BFA63882F6F02A9DE90DB3BCDA1590AE5' '--entitlements' '/var/folders/fs/z9n7k_x968lfd144ssfxj7fh0000gp/T/XcodeDistPipeline.~~~wdQW6i/entitlements~~~ka6Kbq' '--preserve-metadata=identifier,flags,runtime' '/var/folders/fs/z9n7k_x968lfd144ssfxj7fh0000gp/T/XcodeDistPipeline.~~~wdQW6i/Root/Payload/meho-ios.app/Frameworks/AWSUserPoolsSignIn.framework'
2020-04-13 01:11:50 +0000  /var/folders/fs/z9n7k_x968lfd144ssfxj7fh0000gp/T/XcodeDistPipeline.~~~wdQW6i/Root/Payload/meho-ios.app/Frameworks/AWSUserPoolsSignIn.framework: signed bundle with Mach-O universal (arm64) [org.cocoapods.AWSUserPoolsSignIn]
2020-04-13 01:11:50 +0000  /usr/bin/codesign exited with 0
2020-04-13 01:11:50 +0000  Entitlements for <IDEDistributionItem: 0x7ff5efd515b0; bundleID='org.cocoapods.FBSDKCoreKit', path='<DVTFilePath:0x7ff5ec905880:'/Users/mehodev/Library/Developer/Xcode/Archives/2020-04-12/meho-ios 4-12-20, 3.25 PM.xcarchive/Products/Applications/meho-ios.app/Frameworks/FBSDKCoreKit.framework'>', codeSigningInfo='<_DVTCodeSigningInformation_Path: 0x7ff60536f7e0; isSigned='1', isAdHocSigned='0', signingCertificate='<DVTSigningCertificate: 0x7ff605366500; name='Apple Development: jiaxi.xiong.meho@gmail.com (BXUKF7SMD3)', hash='78C2027EF999BC5BCEEFB7AD924EF75C5302D4C7', serialNumber='5E2C374C8CC1F72D', certificateKinds='(
    "1.2.840.113635.100.6.1.12",
    "1.2.840.113635.100.6.1.2"
), issueDate='2020-03-30 03:46:29 +0000''>', entitlements='(null)', teamID='LW56PXHU2T', identifier='org.cocoapods.FBSDKCoreKit', executablePath='<DVTFilePath:0x7ff5ed969090:'/Users/mehodev/Library/Developer/Xcode/Archives/2020-04-12/meho-ios 4-12-20, 3.25 PM.xcarchive/Products/Applications/meho-ios.app/Frameworks/FBSDKCoreKit.framework/FBSDKCoreKit'>', hardenedRuntime='0'>'>: {
}
2020-04-13 01:11:50 +0000  Writing entitlements for <IDEDistributionItem: 0x7ff5efd515b0; bundleID='org.cocoapods.FBSDKCoreKit', path='<DVTFilePath:0x7ff5ec905880:'/Users/mehodev/Library/Developer/Xcode/Archives/2020-04-12/meho-ios 4-12-20, 3.25 PM.xcarchive/Products/Applications/meho-ios.app/Frameworks/FBSDKCoreKit.framework'>', codeSigningInfo='<_DVTCodeSigningInformation_Path: 0x7ff60536f7e0; isSigned='1', isAdHocSigned='0', signingCertificate='<DVTSigningCertificate: 0x7ff5edf5fc30; name='Apple Development: jiaxi.xiong.meho@gmail.com (BXUKF7SMD3)', hash='78C2027EF999BC5BCEEFB7AD924EF75C5302D4C7', serialNumber='5E2C374C8CC1F72D', certificateKinds='(
    "1.2.840.113635.100.6.1.12",
    "1.2.840.113635.100.6.1.2"
), issueDate='2020-03-30 03:46:29 +0000''>', entitlements='(null)', teamID='LW56PXHU2T', identifier='org.cocoapods.FBSDKCoreKit', executablePath='<DVTFilePath:0x7ff5ed969090:'/Users/mehodev/Library/Developer/Xcode/Archives/2020-04-12/meho-ios 4-12-20, 3.25 PM.xcarchive/Products/Applications/meho-ios.app/Frameworks/FBSDKCoreKit.framework/FBSDKCoreKit'>', hardenedRuntime='0'>'> to: /var/folders/fs/z9n7k_x968lfd144ssfxj7fh0000gp/T/XcodeDistPipeline.~~~wdQW6i/entitlements~~~zdi11M
2020-04-13 01:11:50 +0000  Running /usr/bin/codesign '-vvv' '--force' '--sign' 'F4B7B01BFA63882F6F02A9DE90DB3BCDA1590AE5' '--entitlements' '/var/folders/fs/z9n7k_x968lfd144ssfxj7fh0000gp/T/XcodeDistPipeline.~~~wdQW6i/entitlements~~~zdi11M' '--preserve-metadata=identifier,flags,runtime' '/var/folders/fs/z9n7k_x968lfd144ssfxj7fh0000gp/T/XcodeDistPipeline.~~~wdQW6i/Root/Payload/meho-ios.app/Frameworks/FBSDKCoreKit.framework'
2020-04-13 01:11:50 +0000  /var/folders/fs/z9n7k_x968lfd144ssfxj7fh0000gp/T/XcodeDistPipeline.~~~wdQW6i/Root/Payload/meho-ios.app/Frameworks/FBSDKCoreKit.framework: signed bundle with Mach-O universal (arm64) [org.cocoapods.FBSDKCoreKit]
2020-04-13 01:11:50 +0000  /usr/bin/codesign exited with 0
2020-04-13 01:11:50 +0000  Entitlements for <IDEDistributionItem: 0x7ff5ee3bc4b0; bundleID='org.cocoapods.FBSDKLoginKit', path='<DVTFilePath:0x7ff5ed96a500:'/Users/mehodev/Library/Developer/Xcode/Archives/2020-04-12/meho-ios 4-12-20, 3.25 PM.xcarchive/Products/Applications/meho-ios.app/Frameworks/FBSDKLoginKit.framework'>', codeSigningInfo='<_DVTCodeSigningInformation_Path: 0x7ff5efbd5f60; isSigned='1', isAdHocSigned='0', signingCertificate='<DVTSigningCertificate: 0x7ff5ee403ed0; name='Apple Development: jiaxi.xiong.meho@gmail.com (BXUKF7SMD3)', hash='78C2027EF999BC5BCEEFB7AD924EF75C5302D4C7', serialNumber='5E2C374C8CC1F72D', certificateKinds='(
    "1.2.840.113635.100.6.1.12",
    "1.2.840.113635.100.6.1.2"
), issueDate='2020-03-30 03:46:29 +0000''>', entitlements='(null)', teamID='LW56PXHU2T', identifier='org.cocoapods.FBSDKLoginKit', executablePath='<DVTFilePath:0x7ff5eeeec820:'/Users/mehodev/Library/Developer/Xcode/Archives/2020-04-12/meho-ios 4-12-20, 3.25 PM.xcarchive/Products/Applications/meho-ios.app/Frameworks/FBSDKLoginKit.framework/FBSDKLoginKit'>', hardenedRuntime='0'>'>: {
}
2020-04-13 01:11:50 +0000  Writing entitlements for <IDEDistributionItem: 0x7ff5ee3bc4b0; bundleID='org.cocoapods.FBSDKLoginKit', path='<DVTFilePath:0x7ff5ed96a500:'/Users/mehodev/Library/Developer/Xcode/Archives/2020-04-12/meho-ios 4-12-20, 3.25 PM.xcarchive/Products/Applications/meho-ios.app/Frameworks/FBSDKLoginKit.framework'>', codeSigningInfo='<_DVTCodeSigningInformation_Path: 0x7ff5efbd5f60; isSigned='1', isAdHocSigned='0', signingCertificate='<DVTSigningCertificate: 0x7ff60a513ec0; name='Apple Development: jiaxi.xiong.meho@gmail.com (BXUKF7SMD3)', hash='78C2027EF999BC5BCEEFB7AD924EF75C5302D4C7', serialNumber='5E2C374C8CC1F72D', certificateKinds='(
    "1.2.840.113635.100.6.1.12",
    "1.2.840.113635.100.6.1.2"
), issueDate='2020-03-30 03:46:29 +0000''>', entitlements='(null)', teamID='LW56PXHU2T', identifier='org.cocoapods.FBSDKLoginKit', executablePath='<DVTFilePath:0x7ff5eeeec820:'/Users/mehodev/Library/Developer/Xcode/Archives/2020-04-12/meho-ios 4-12-20, 3.25 PM.xcarchive/Products/Applications/meho-ios.app/Frameworks/FBSDKLoginKit.framework/FBSDKLoginKit'>', hardenedRuntime='0'>'> to: /var/folders/fs/z9n7k_x968lfd144ssfxj7fh0000gp/T/XcodeDistPipeline.~~~wdQW6i/entitlements~~~qZskN3
2020-04-13 01:11:50 +0000  Running /usr/bin/codesign '-vvv' '--force' '--sign' 'F4B7B01BFA63882F6F02A9DE90DB3BCDA1590AE5' '--entitlements' '/var/folders/fs/z9n7k_x968lfd144ssfxj7fh0000gp/T/XcodeDistPipeline.~~~wdQW6i/entitlements~~~qZskN3' '--preserve-metadata=identifier,flags,runtime' '/var/folders/fs/z9n7k_x968lfd144ssfxj7fh0000gp/T/XcodeDistPipeline.~~~wdQW6i/Root/Payload/meho-ios.app/Frameworks/FBSDKLoginKit.framework'
2020-04-13 01:11:50 +0000  /var/folders/fs/z9n7k_x968lfd144ssfxj7fh0000gp/T/XcodeDistPipeline.~~~wdQW6i/Root/Payload/meho-ios.app/Frameworks/FBSDKLoginKit.framework: signed bundle with Mach-O universal (arm64) [org.cocoapods.FBSDKLoginKit]
2020-04-13 01:11:50 +0000  /usr/bin/codesign exited with 0
2020-04-13 01:11:50 +0000  Entitlements for <IDEDistributionItem: 0x7ff5eff5cea0; bundleID='org.cocoapods.GTMSessionFetcher', path='<DVTFilePath:0x7ff5eeec5ff0:'/Users/mehodev/Library/Developer/Xcode/Archives/2020-04-12/meho-ios 4-12-20, 3.25 PM.xcarchive/Products/Applications/meho-ios.app/Frameworks/GTMSessionFetcher.framework'>', codeSigningInfo='<_DVTCodeSigningInformation_Path: 0x7ff5ebe16c70; isSigned='1', isAdHocSigned='0', signingCertificate='<DVTSigningCertificate: 0x7ff5eff861e0; name='Apple Development: jiaxi.xiong.meho@gmail.com (BXUKF7SMD3)', hash='78C2027EF999BC5BCEEFB7AD924EF75C5302D4C7', serialNumber='5E2C374C8CC1F72D', certificateKinds='(
    "1.2.840.113635.100.6.1.12",
    "1.2.840.113635.100.6.1.2"
), issueDate='2020-03-30 03:46:29 +0000''>', entitlements='(null)', teamID='LW56PXHU2T', identifier='org.cocoapods.GTMSessionFetcher', executablePath='<DVTFilePath:0x7ff5eeec7060:'/Users/mehodev/Library/Developer/Xcode/Archives/2020-04-12/meho-ios 4-12-20, 3.25 PM.xcarchive/Products/Applications/meho-ios.app/Frameworks/GTMSessionFetcher.framework/GTMSessionFetcher'>', hardenedRuntime='0'>'>: {
}
2020-04-13 01:11:50 +0000  Writing entitlements for <IDEDistributionItem: 0x7ff5eff5cea0; bundleID='org.cocoapods.GTMSessionFetcher', path='<DVTFilePath:0x7ff5eeec5ff0:'/Users/mehodev/Library/Developer/Xcode/Archives/2020-04-12/meho-ios 4-12-20, 3.25 PM.xcarchive/Products/Applications/meho-ios.app/Frameworks/GTMSessionFetcher.framework'>', codeSigningInfo='<_DVTCodeSigningInformation_Path: 0x7ff5ebe16c70; isSigned='1', isAdHocSigned='0', signingCertificate='<DVTSigningCertificate: 0x7ff60a513ec0; name='Apple Development: jiaxi.xiong.meho@gmail.com (BXUKF7SMD3)', hash='78C2027EF999BC5BCEEFB7AD924EF75C5302D4C7', serialNumber='5E2C374C8CC1F72D', certificateKinds='(
    "1.2.840.113635.100.6.1.12",
    "1.2.840.113635.100.6.1.2"
), issueDate='2020-03-30 03:46:29 +0000''>', entitlements='(null)', teamID='LW56PXHU2T', identifier='org.cocoapods.GTMSessionFetcher', executablePath='<DVTFilePath:0x7ff5eeec7060:'/Users/mehodev/Library/Developer/Xcode/Archives/2020-04-12/meho-ios 4-12-20, 3.25 PM.xcarchive/Products/Applications/meho-ios.app/Frameworks/GTMSessionFetcher.framework/GTMSessionFetcher'>', hardenedRuntime='0'>'> to: /var/folders/fs/z9n7k_x968lfd144ssfxj7fh0000gp/T/XcodeDistPipeline.~~~wdQW6i/entitlements~~~qbUiFs
2020-04-13 01:11:50 +0000  Running /usr/bin/codesign '-vvv' '--force' '--sign' 'F4B7B01BFA63882F6F02A9DE90DB3BCDA1590AE5' '--entitlements' '/var/folders/fs/z9n7k_x968lfd144ssfxj7fh0000gp/T/XcodeDistPipeline.~~~wdQW6i/entitlements~~~qbUiFs' '--preserve-metadata=identifier,flags,runtime' '/var/folders/fs/z9n7k_x968lfd144ssfxj7fh0000gp/T/XcodeDistPipeline.~~~wdQW6i/Root/Payload/meho-ios.app/Frameworks/GTMSessionFetcher.framework'
2020-04-13 01:11:50 +0000  /var/folders/fs/z9n7k_x968lfd144ssfxj7fh0000gp/T/XcodeDistPipeline.~~~wdQW6i/Root/Payload/meho-ios.app/Frameworks/GTMSessionFetcher.framework: signed bundle with Mach-O universal (arm64) [org.cocoapods.GTMSessionFetcher]
2020-04-13 01:11:50 +0000  /usr/bin/codesign exited with 0
2020-04-13 01:11:50 +0000  Entitlements for <IDEDistributionItem: 0x7ff5eff00f80; bundleID='org.cocoapods.GoogleToolboxForMac', path='<DVTFilePath:0x7ff5eee0fa30:'/Users/mehodev/Library/Developer/Xcode/Archives/2020-04-12/meho-ios 4-12-20, 3.25 PM.xcarchive/Products/Applications/meho-ios.app/Frameworks/GoogleToolboxForMac.framework'>', codeSigningInfo='<_DVTCodeSigningInformation_Path: 0x7ff5ec90b5c0; isSigned='1', isAdHocSigned='0', signingCertificate='<DVTSigningCertificate: 0x7ff605366500; name='Apple Development: jiaxi.xiong.meho@gmail.com (BXUKF7SMD3)', hash='78C2027EF999BC5BCEEFB7AD924EF75C5302D4C7', serialNumber='5E2C374C8CC1F72D', certificateKinds='(
    "1.2.840.113635.100.6.1.12",
    "1.2.840.113635.100.6.1.2"
), issueDate='2020-03-30 03:46:29 +0000''>', entitlements='(null)', teamID='LW56PXHU2T', identifier='org.cocoapods.GoogleToolboxForMac', executablePath='<DVTFilePath:0x7ff5eeeb5210:'/Users/mehodev/Library/Developer/Xcode/Archives/2020-04-12/meho-ios 4-12-20, 3.25 PM.xcarchive/Products/Applications/meho-ios.app/Frameworks/GoogleToolboxForMac.framework/GoogleToolboxForMac'>', hardenedRuntime='0'>'>: {
}
2020-04-13 01:11:50 +0000  Writing entitlements for <IDEDistributionItem: 0x7ff5eff00f80; bundleID='org.cocoapods.GoogleToolboxForMac', path='<DVTFilePath:0x7ff5eee0fa30:'/Users/mehodev/Library/Developer/Xcode/Archives/2020-04-12/meho-ios 4-12-20, 3.25 PM.xcarchive/Products/Applications/meho-ios.app/Frameworks/GoogleToolboxForMac.framework'>', codeSigningInfo='<_DVTCodeSigningInformation_Path: 0x7ff5ec90b5c0; isSigned='1', isAdHocSigned='0', signingCertificate='<DVTSigningCertificate: 0x7ff5edf5f6d0; name='Apple Development: jiaxi.xiong.meho@gmail.com (BXUKF7SMD3)', hash='78C2027EF999BC5BCEEFB7AD924EF75C5302D4C7', serialNumber='5E2C374C8CC1F72D', certificateKinds='(
    "1.2.840.113635.100.6.1.12",
    "1.2.840.113635.100.6.1.2"
), issueDate='2020-03-30 03:46:29 +0000''>', entitlements='(null)', teamID='LW56PXHU2T', identifier='org.cocoapods.GoogleToolboxForMac', executablePath='<DVTFilePath:0x7ff5eeeb5210:'/Users/mehodev/Library/Developer/Xcode/Archives/2020-04-12/meho-ios 4-12-20, 3.25 PM.xcarchive/Products/Applications/meho-ios.app/Frameworks/GoogleToolboxForMac.framework/GoogleToolboxForMac'>', hardenedRuntime='0'>'> to: /var/folders/fs/z9n7k_x968lfd144ssfxj7fh0000gp/T/XcodeDistPipeline.~~~wdQW6i/entitlements~~~rOGO4r
2020-04-13 01:11:50 +0000  Running /usr/bin/codesign '-vvv' '--force' '--sign' 'F4B7B01BFA63882F6F02A9DE90DB3BCDA1590AE5' '--entitlements' '/var/folders/fs/z9n7k_x968lfd144ssfxj7fh0000gp/T/XcodeDistPipeline.~~~wdQW6i/entitlements~~~rOGO4r' '--preserve-metadata=identifier,flags,runtime' '/var/folders/fs/z9n7k_x968lfd144ssfxj7fh0000gp/T/XcodeDistPipeline.~~~wdQW6i/Root/Payload/meho-ios.app/Frameworks/GoogleToolboxForMac.framework'
2020-04-13 01:11:50 +0000  /var/folders/fs/z9n7k_x968lfd144ssfxj7fh0000gp/T/XcodeDistPipeline.~~~wdQW6i/Root/Payload/meho-ios.app/Frameworks/GoogleToolboxForMac.framework: signed bundle with Mach-O universal (arm64) [org.cocoapods.GoogleToolboxForMac]
2020-04-13 01:11:50 +0000  /usr/bin/codesign exited with 0
2020-04-13 01:11:50 +0000  Entitlements for <IDEDistributionItem: 0x7ff5edffad80; bundleID='com.meho.mehoios', path='<DVTFilePath:0x7ff5ec953fb0:'/Users/mehodev/Library/Developer/Xcode/Archives/2020-04-12/meho-ios 4-12-20, 3.25 PM.xcarchive/Products/Applications/meho-ios.app'>', codeSigningInfo='<_DVTCodeSigningInformation_Path: 0x7ff6035a0010; isSigned='1', isAdHocSigned='0', signingCertificate='<DVTSigningCertificate: 0x7ff60a513ec0; name='Apple Development: jiaxi.xiong.meho@gmail.com (BXUKF7SMD3)', hash='78C2027EF999BC5BCEEFB7AD924EF75C5302D4C7', serialNumber='5E2C374C8CC1F72D', certificateKinds='(
    "1.2.840.113635.100.6.1.12",
    "1.2.840.113635.100.6.1.2"
), issueDate='2020-03-30 03:46:29 +0000''>', entitlements='{
    "application-identifier" = "LW56PXHU2T.com.meho.mehoios";
    "com.apple.developer.team-identifier" = LW56PXHU2T;
    "get-task-allow" = 1;
    "keychain-access-groups" =     (
        "LW56PXHU2T.com.meho.mehoios"
    );
}', teamID='LW56PXHU2T', identifier='com.meho.mehoios', executablePath='<DVTFilePath:0x7ff6035f54c0:'/Users/mehodev/Library/Developer/Xcode/Archives/2020-04-12/meho-ios 4-12-20, 3.25 PM.xcarchive/Products/Applications/meho-ios.app/meho-ios'>', hardenedRuntime='0'>'>: {
    "application-identifier" = "LW56PXHU2T.com.meho.mehoios";
    "beta-reports-active" = 1;
    "com.apple.developer.team-identifier" = LW56PXHU2T;
    "get-task-allow" = 0;
    "keychain-access-groups" =     (
        "LW56PXHU2T.com.meho.mehoios"
    );
}
2020-04-13 01:11:50 +0000  Writing entitlements for <IDEDistributionItem: 0x7ff5edffad80; bundleID='com.meho.mehoios', path='<DVTFilePath:0x7ff5ec953fb0:'/Users/mehodev/Library/Developer/Xcode/Archives/2020-04-12/meho-ios 4-12-20, 3.25 PM.xcarchive/Products/Applications/meho-ios.app'>', codeSigningInfo='<_DVTCodeSigningInformation_Path: 0x7ff6035a0010; isSigned='1', isAdHocSigned='0', signingCertificate='<DVTSigningCertificate: 0x7ff5edf8b990; name='Apple Development: jiaxi.xiong.meho@gmail.com (BXUKF7SMD3)', hash='78C2027EF999BC5BCEEFB7AD924EF75C5302D4C7', serialNumber='5E2C374C8CC1F72D', certificateKinds='(
    "1.2.840.113635.100.6.1.12",
    "1.2.840.113635.100.6.1.2"
), issueDate='2020-03-30 03:46:29 +0000''>', entitlements='{
    "application-identifier" = "LW56PXHU2T.com.meho.mehoios";
    "com.apple.developer.team-identifier" = LW56PXHU2T;
    "get-task-allow" = 1;
    "keychain-access-groups" =     (
        "LW56PXHU2T.com.meho.mehoios"
    );
}', teamID='LW56PXHU2T', identifier='com.meho.mehoios', executablePath='<DVTFilePath:0x7ff6035f54c0:'/Users/mehodev/Library/Developer/Xcode/Archives/2020-04-12/meho-ios 4-12-20, 3.25 PM.xcarchive/Products/Applications/meho-ios.app/meho-ios'>', hardenedRuntime='0'>'> to: /var/folders/fs/z9n7k_x968lfd144ssfxj7fh0000gp/T/XcodeDistPipeline.~~~wdQW6i/entitlements~~~OU4yog
2020-04-13 01:11:50 +0000  Running /usr/bin/codesign '-vvv' '--force' '--sign' 'F4B7B01BFA63882F6F02A9DE90DB3BCDA1590AE5' '--entitlements' '/var/folders/fs/z9n7k_x968lfd144ssfxj7fh0000gp/T/XcodeDistPipeline.~~~wdQW6i/entitlements~~~OU4yog' '--preserve-metadata=identifier,flags,runtime' '/var/folders/fs/z9n7k_x968lfd144ssfxj7fh0000gp/T/XcodeDistPipeline.~~~wdQW6i/Root/Payload/meho-ios.app'
2020-04-13 01:11:50 +0000  /var/folders/fs/z9n7k_x968lfd144ssfxj7fh0000gp/T/XcodeDistPipeline.~~~wdQW6i/Root/Payload/meho-ios.app: replacing existing signature
2020-04-13 01:11:50 +0000  /var/folders/fs/z9n7k_x968lfd144ssfxj7fh0000gp/T/XcodeDistPipeline.~~~wdQW6i/Root/Payload/meho-ios.app: signed app bundle with Mach-O thin (arm64) [com.meho.mehoios]
2020-04-13 01:11:50 +0000  /usr/bin/codesign exited with 0
2020-04-13 01:11:50 +0000  Processing step: IDEDistributionZipODRItemStep
2020-04-13 01:11:50 +0000  Skipping step: IDEDistributionZipODRItemStep because it said so
2020-04-13 01:11:50 +0000  Skipping step: IDEDistributionZipODRItemStep because it said so
2020-04-13 01:11:50 +0000  Skipping step: IDEDistributionZipODRItemStep because it said so
2020-04-13 01:11:50 +0000  Skipping step: IDEDistributionZipODRItemStep because it said so
2020-04-13 01:11:50 +0000  Skipping step: IDEDistributionZipODRItemStep because it said so
2020-04-13 01:11:50 +0000  Skipping step: IDEDistributionZipODRItemStep because it said so
2020-04-13 01:11:50 +0000  Skipping step: IDEDistributionZipODRItemStep because it said so
2020-04-13 01:11:50 +0000  Skipping step: IDEDistributionZipODRItemStep because it said so
2020-04-13 01:11:50 +0000  Skipping step: IDEDistributionZipODRItemStep because it said so
2020-04-13 01:11:50 +0000  Skipping step: IDEDistributionZipODRItemStep because it said so
2020-04-13 01:11:50 +0000  Skipping step: IDEDistributionZipODRItemStep because it said so
2020-04-13 01:11:50 +0000  Skipping step: IDEDistributionZipODRItemStep because it said so
2020-04-13 01:11:50 +0000  Skipping step: IDEDistributionZipODRItemStep because it said so
2020-04-13 01:11:50 +0000  Skipping step: IDEDistributionZipODRItemStep because it said so
2020-04-13 01:11:50 +0000  Processing step: IDEDistributionCreateIPAStep
2020-04-13 01:11:50 +0000  Running /usr/bin/rsync '-8aPhhE' '/var/folders/fs/z9n7k_x968lfd144ssfxj7fh0000gp/T/XcodeDistPipeline.~~~wdQW6i/Symbols' '--link-dest' '/var/folders/fs/z9n7k_x968lfd144ssfxj7fh0000gp/T/XcodeDistPipeline.~~~wdQW6i' '/var/folders/fs/z9n7k_x968lfd144ssfxj7fh0000gp/T/XcodeDistPipeline.~~~wdQW6i/Root'
2020-04-13 01:11:50 +0000  building file list ... 
2020-04-13 01:11:50 +0000   0 files...2020-04-13 01:11:50 +0000  28 files to consider
2020-04-13 01:11:50 +0000  Symbols/
2020-04-13 01:11:50 +0000  
sent 1.52K bytes  received 26 bytes  3.08K bytes/sec
total size is 8.34M  speedup is 5540.79
2020-04-13 01:11:50 +0000  /usr/bin/rsync exited with 0
2020-04-13 01:11:50 +0000  Running /usr/bin/ditto '-V' '-c' '-k' '--norsrc' '/var/folders/fs/z9n7k_x968lfd144ssfxj7fh0000gp/T/XcodeDistPipeline.~~~wdQW6i/Root' '/var/folders/fs/z9n7k_x968lfd144ssfxj7fh0000gp/T/XcodeDistPipeline.~~~wdQW6i/Packages/meho-ios.ipa'
2020-04-13 01:11:50 +0000  >>> Copying /var/folders/fs/z9n7k_x968lfd144ssfxj7fh0000gp/T/XcodeDistPipeline.~~~wdQW6i/Root 
2020-04-13 01:11:50 +0000  copying file ./Payload/meho-ios.app/_CodeSignature/CodeResources ... 
2020-04-13 01:11:50 +0000  69637 bytes for ./Payload/meho-ios.app/_CodeSignature/CodeResources
2020-04-13 01:11:50 +0000  copying file ./Payload/meho-ios.app/Base.lproj/LaunchScreen.storyboardc/01J-lp-oVM-view-Ze5-6b-2t3.nib ... 
2020-04-13 01:11:50 +0000  1197 bytes for ./Payload/meho-ios.app/Base.lproj/LaunchScreen.storyboardc/01J-lp-oVM-view-Ze5-6b-2t3.nib
copying file ./Payload/meho-ios.app/Base.lproj/LaunchScreen.storyboardc/UIViewController-01J-lp-oVM.nib ... 
896 bytes for ./Payload/meho-ios.app/Base.lproj/LaunchScreen.storyboardc/UIViewController-01J-lp-oVM.nib
2020-04-13 01:11:50 +0000  copying file ./Payload/meho-ios.app/Base.lproj/LaunchScreen.storyboardc/Info.plist ... 
258 bytes for ./Payload/meho-ios.app/Base.lproj/LaunchScreen.storyboardc/Info.plist
copying file ./Payload/meho-ios.app/Localizable.strings ... 
2020-04-13 01:11:50 +0000  744 bytes for ./Payload/meho-ios.app/Localizable.strings
2020-04-13 01:11:50 +0000  copying file ./Payload/meho-ios.app/GoogleSignIn.bundle/de.lproj/GoogleSignIn.strings ... 
2020-04-13 01:11:50 +0000  2290 bytes for ./Payload/meho-ios.app/GoogleSignIn.bundle/de.lproj/GoogleSignIn.strings
2020-04-13 01:11:50 +0000  copying file ./Payload/meho-ios.app/GoogleSignIn.bundle/he.lproj/GoogleSignIn.strings ... 
2020-04-13 01:11:50 +0000  2379 bytes for ./Payload/meho-ios.app/GoogleSignIn.bundle/he.lproj/GoogleSignIn.strings
copying file ./Payload/meho-ios.app/GoogleSignIn.bundle/ar.lproj/GoogleSignIn.strings ... 
2020-04-13 01:11:50 +0000  2405 bytes for ./Payload/meho-ios.app/GoogleSignIn.bundle/ar.lproj/GoogleSignIn.strings
2020-04-13 01:11:50 +0000  copying file ./Payload/meho-ios.app/GoogleSignIn.bundle/el.lproj/GoogleSignIn.strings ... 
2020-04-13 01:11:50 +0000  2816 bytes for ./Payload/meho-ios.app/GoogleSignIn.bundle/el.lproj/GoogleSignIn.strings
2020-04-13 01:11:50 +0000  copying file ./Payload/meho-ios.app/GoogleSignIn.bundle/ja.lproj/GoogleSignIn.strings ... 
2020-04-13 01:11:50 +0000  2336 bytes for ./Payload/meho-ios.app/GoogleSignIn.bundle/ja.lproj/GoogleSignIn.strings
2020-04-13 01:11:50 +0000  copying file ./Payload/meho-ios.app/GoogleSignIn.bundle/en.lproj/GoogleSignIn.strings ... 
2020-04-13 01:11:50 +0000  2072 bytes for ./Payload/meho-ios.app/GoogleSignIn.bundle/en.lproj/GoogleSignIn.strings
2020-04-13 01:11:50 +0000  copying file ./Payload/meho-ios.app/GoogleSignIn.bundle/uk.lproj/GoogleSignIn.strings ... 
2020-04-13 01:11:50 +0000  2567 bytes for ./Payload/meho-ios.app/GoogleSignIn.bundle/uk.lproj/GoogleSignIn.strings
2020-04-13 01:11:50 +0000  copying file ./Payload/meho-ios.app/GoogleSignIn.bundle/es_MX.lproj/GoogleSignIn.strings ... 
2020-04-13 01:11:50 +0000  2140 bytes for ./Payload/meho-ios.app/GoogleSignIn.bundle/es_MX.lproj/GoogleSignIn.strings
2020-04-13 01:11:50 +0000  copying file ./Payload/meho-ios.app/GoogleSignIn.bundle/zh_CN.lproj/GoogleSignIn.strings ... 
2020-04-13 01:11:50 +0000  2052 bytes for ./Payload/meho-ios.app/GoogleSignIn.bundle/zh_CN.lproj/GoogleSignIn.strings
copying file ./Payload/meho-ios.app/GoogleSignIn.bundle/nb.lproj/GoogleSignIn.strings ... 
2020-04-13 01:11:50 +0000  2129 bytes for ./Payload/meho-ios.app/GoogleSignIn.bundle/nb.lproj/GoogleSignIn.strings
2020-04-13 01:11:50 +0000  copying file ./Payload/meho-ios.app/GoogleSignIn.bundle/es.lproj/GoogleSignIn.strings ... 
2020-04-13 01:11:50 +0000  2254 bytes for ./Payload/meho-ios.app/GoogleSignIn.bundle/es.lproj/GoogleSignIn.strings
2020-04-13 01:11:50 +0000  copying file ./Payload/meho-ios.app/GoogleSignIn.bundle/pt_BR.lproj/GoogleSignIn.strings ... 
2020-04-13 01:11:50 +0000  2183 bytes for ./Payload/meho-ios.app/GoogleSignIn.bundle/pt_BR.lproj/GoogleSignIn.strings
2020-04-13 01:11:50 +0000  copying file ./Payload/meho-ios.app/GoogleSignIn.bundle/da.lproj/GoogleSignIn.strings ... 
2020-04-13 01:11:50 +0000  2149 bytes for ./Payload/meho-ios.app/GoogleSignIn.bundle/da.lproj/GoogleSignIn.strings
2020-04-13 01:11:50 +0000  copying file ./Payload/meho-ios.app/GoogleSignIn.bundle/it.lproj/GoogleSignIn.strings ... 
2020-04-13 01:11:50 +0000  2111 bytes for ./Payload/meho-ios.app/GoogleSignIn.bundle/it.lproj/GoogleSignIn.strings
2020-04-13 01:11:50 +0000  copying file ./Payload/meho-ios.app/GoogleSignIn.bundle/sk.lproj/GoogleSignIn.strings ... 
2020-04-13 01:11:50 +0000  2261 bytes for ./Payload/meho-ios.app/GoogleSignIn.bundle/sk.lproj/GoogleSignIn.strings
copying file ./Payload/meho-ios.app/GoogleSignIn.bundle/pt_PT.lproj/GoogleSignIn.strings ... 
2020-04-13 01:11:50 +0000  2221 bytes for ./Payload/meho-ios.app/GoogleSignIn.bundle/pt_PT.lproj/GoogleSignIn.strings
2020-04-13 01:11:50 +0000  copying file ./Payload/meho-ios.app/GoogleSignIn.bundle/google@3x.png ... 
2020-04-13 01:11:50 +0000  1622 bytes for ./Payload/meho-ios.app/GoogleSignIn.bundle/google@3x.png
2020-04-13 01:11:50 +0000  copying file ./Payload/meho-ios.app/GoogleSignIn.bundle/ms.lproj/GoogleSignIn.strings ... 
2020-04-13 01:11:50 +0000  2113 bytes for ./Payload/meho-ios.app/GoogleSignIn.bundle/ms.lproj/GoogleSignIn.strings
2020-04-13 01:11:50 +0000  copying file ./Payload/meho-ios.app/GoogleSignIn.bundle/sv.lproj/GoogleSignIn.strings ... 
2020-04-13 01:11:50 +0000  2132 bytes for ./Payload/meho-ios.app/GoogleSignIn.bundle/sv.lproj/GoogleSignIn.strings
2020-04-13 01:11:50 +0000  copying file ./Payload/meho-ios.app/GoogleSignIn.bundle/cs.lproj/GoogleSignIn.strings ... 
2020-04-13 01:11:50 +0000  2200 bytes for ./Payload/meho-ios.app/GoogleSignIn.bundle/cs.lproj/GoogleSignIn.strings
2020-04-13 01:11:50 +0000  copying file ./Payload/meho-ios.app/GoogleSignIn.bundle/google@2x.png ... 
2020-04-13 01:11:50 +0000  987 bytes for ./Payload/meho-ios.app/GoogleSignIn.bundle/google@2x.png
copying file ./Payload/meho-ios.app/GoogleSignIn.bundle/ko.lproj/GoogleSignIn.strings ... 
2020-04-13 01:11:50 +0000  2208 bytes for ./Payload/meho-ios.app/GoogleSignIn.bundle/ko.lproj/GoogleSignIn.strings
2020-04-13 01:11:50 +0000  copying file ./Payload/meho-ios.app/GoogleSignIn.bundle/hu.lproj/GoogleSignIn.strings ... 
2020-04-13 01:11:50 +0000  2260 bytes for ./Payload/meho-ios.app/GoogleSignIn.bundle/hu.lproj/GoogleSignIn.strings
2020-04-13 01:11:50 +0000  copying file ./Payload/meho-ios.app/GoogleSignIn.bundle/tr.lproj/GoogleSignIn.strings ... 
2020-04-13 01:11:50 +0000  2157 bytes for ./Payload/meho-ios.app/GoogleSignIn.bundle/tr.lproj/GoogleSignIn.strings
2020-04-13 01:11:50 +0000  copying file ./Payload/meho-ios.app/GoogleSignIn.bundle/pl.lproj/GoogleSignIn.strings ... 
2020-04-13 01:11:50 +0000  2131 bytes for ./Payload/meho-ios.app/GoogleSignIn.bundle/pl.lproj/GoogleSignIn.strings
2020-04-13 01:11:50 +0000  copying file ./Payload/meho-ios.app/GoogleSignIn.bundle/zh_TW.lproj/GoogleSignIn.strings ... 
2020-04-13 01:11:50 +0000  2066 bytes for ./Payload/meho-ios.app/GoogleSignIn.bundle/zh_TW.lproj/GoogleSignIn.strings
2020-04-13 01:11:50 +0000  copying file ./Payload/meho-ios.app/GoogleSignIn.bundle/en_GB.lproj/GoogleSignIn.strings ... 
2020-04-13 01:11:50 +0000  2072 bytes for ./Payload/meho-ios.app/GoogleSignIn.bundle/en_GB.lproj/GoogleSignIn.strings
2020-04-13 01:11:50 +0000  copying file ./Payload/meho-ios.app/GoogleSignIn.bundle/vi.lproj/GoogleSignIn.strings ... 
2020-04-13 01:11:50 +0000  2311 bytes for ./Payload/meho-ios.app/GoogleSignIn.bundle/vi.lproj/GoogleSignIn.strings
2020-04-13 01:11:50 +0000  copying file ./Payload/meho-ios.app/GoogleSignIn.bundle/ru.lproj/GoogleSignIn.strings ... 
2020-04-13 01:11:50 +0000  2646 bytes for ./Payload/meho-ios.app/GoogleSignIn.bundle/ru.lproj/GoogleSignIn.strings
2020-04-13 01:11:50 +0000  copying file ./Payload/meho-ios.app/GoogleSignIn.bundle/fr_CA.lproj/GoogleSignIn.strings ... 
2020-04-13 01:11:50 +0000  2254 bytes for ./Payload/meho-ios.app/GoogleSignIn.bundle/fr_CA.lproj/GoogleSignIn.strings
2020-04-13 01:11:50 +0000  copying file ./Payload/meho-ios.app/GoogleSignIn.bundle/fr.lproj/GoogleSignIn.strings ... 
2020-04-13 01:11:50 +0000  2261 bytes for ./Payload/meho-ios.app/GoogleSignIn.bundle/fr.lproj/GoogleSignIn.strings
2020-04-13 01:11:50 +0000  copying file ./Payload/meho-ios.app/GoogleSignIn.bundle/fi.lproj/GoogleSignIn.strings ... 
2020-04-13 01:11:50 +0000  2192 bytes for ./Payload/meho-ios.app/GoogleSignIn.bundle/fi.lproj/GoogleSignIn.strings
2020-04-13 01:11:50 +0000  copying file ./Payload/meho-ios.app/GoogleSignIn.bundle/id.lproj/GoogleSignIn.strings ... 
2020-04-13 01:11:50 +0000  2076 bytes for ./Payload/meho-ios.app/GoogleSignIn.bundle/id.lproj/GoogleSignIn.strings
2020-04-13 01:11:50 +0000  copying file ./Payload/meho-ios.app/GoogleSignIn.bundle/nl.lproj/GoogleSignIn.strings ... 
2020-04-13 01:11:50 +0000  2155 bytes for ./Payload/meho-ios.app/GoogleSignIn.bundle/nl.lproj/GoogleSignIn.strings
2020-04-13 01:11:50 +0000  copying file ./Payload/meho-ios.app/GoogleSignIn.bundle/th.lproj/GoogleSignIn.strings ... 
2020-04-13 01:11:50 +0000  2863 bytes for ./Payload/meho-ios.app/GoogleSignIn.bundle/th.lproj/GoogleSignIn.strings
2020-04-13 01:11:50 +0000  copying file ./Payload/meho-ios.app/GoogleSignIn.bundle/pt.lproj/GoogleSignIn.strings ... 
2020-04-13 01:11:50 +0000  2183 bytes for ./Payload/meho-ios.app/GoogleSignIn.bundle/pt.lproj/GoogleSignIn.strings
2020-04-13 01:11:50 +0000  copying file ./Payload/meho-ios.app/GoogleSignIn.bundle/google.png ... 
2020-04-13 01:11:50 +0000  572 bytes for ./Payload/meho-ios.app/GoogleSignIn.bundle/google.png
2020-04-13 01:11:50 +0000  copying file ./Payload/meho-ios.app/GoogleSignIn.bundle/Roboto-Bold.ttf ... 
2020-04-13 01:11:50 +0000  127744 bytes for ./Payload/meho-ios.app/GoogleSignIn.bundle/Roboto-Bold.ttf
2020-04-13 01:11:50 +0000  copying file ./Payload/meho-ios.app/GoogleSignIn.bundle/ro.lproj/GoogleSignIn.strings ... 
2172 bytes for ./Payload/meho-ios.app/GoogleSignIn.bundle/ro.lproj/GoogleSignIn.strings
2020-04-13 01:11:50 +0000  copying file ./Payload/meho-ios.app/GoogleSignIn.bundle/Info.plist ... 
729 bytes for ./Payload/meho-ios.app/GoogleSignIn.bundle/Info.plist
2020-04-13 01:11:50 +0000  copying file ./Payload/meho-ios.app/GoogleSignIn.bundle/hr.lproj/GoogleSignIn.strings ... 
2178 bytes for ./Payload/meho-ios.app/GoogleSignIn.bundle/hr.lproj/GoogleSignIn.strings
2020-04-13 01:11:50 +0000  copying file ./Payload/meho-ios.app/GoogleSignIn.bundle/hi.lproj/GoogleSignIn.strings ... 
3043 bytes for ./Payload/meho-ios.app/GoogleSignIn.bundle/hi.lproj/GoogleSignIn.strings
2020-04-13 01:11:50 +0000  copying file ./Payload/meho-ios.app/GoogleSignIn.bundle/ca.lproj/GoogleSignIn.strings ... 
2283 bytes for ./Payload/meho-ios.app/GoogleSignIn.bundle/ca.lproj/GoogleSignIn.strings
2020-04-13 01:11:50 +0000  copying file ./Payload/meho-ios.app/Assets.car ... 
2020-04-13 01:11:50 +0000  2608687 bytes for ./Payload/meho-ios.app/Assets.car
2020-04-13 01:11:50 +0000  copying file ./Payload/meho-ios.app/amplifyconfiguration.json ... 
64 bytes for ./Payload/meho-ios.app/amplifyconfiguration.json
copying file ./Payload/meho-ios.app/awsconfiguration.json ... 
1121 bytes for ./Payload/meho-ios.app/awsconfiguration.json
copying file ./Payload/meho-ios.app/Frameworks/FBSDKLoginKit.framework/_CodeSignature/CodeResources ... 
1798 bytes for ./Payload/meho-ios.app/Frameworks/FBSDKLoginKit.framework/_CodeSignature/CodeResources
copying file ./Payload/meho-ios.app/Frameworks/FBSDKLoginKit.framework/FBSDKLoginKit ... 
2020-04-13 01:11:50 +0000  286224 bytes for ./Payload/meho-ios.app/Frameworks/FBSDKLoginKit.framework/FBSDKLoginKit
2020-04-13 01:11:50 +0000  copying file ./Payload/meho-ios.app/Frameworks/FBSDKLoginKit.framework/Info.plist ... 
748 bytes for ./Payload/meho-ios.app/Frameworks/FBSDKLoginKit.framework/Info.plist
2020-04-13 01:11:50 +0000  copying file ./Payload/meho-ios.app/Frameworks/AWSCognitoIdentityProviderASF.framework/_CodeSignature/CodeResources ... 
1798 bytes for ./Payload/meho-ios.app/Frameworks/AWSCognitoIdentityProviderASF.framework/_CodeSignature/CodeResources
copying file ./Payload/meho-ios.app/Frameworks/AWSCognitoIdentityProviderASF.framework/AWSCognitoIdentityProviderASF ... 
2020-04-13 01:11:50 +0000  106736 bytes for ./Payload/meho-ios.app/Frameworks/AWSCognitoIdentityProviderASF.framework/AWSCognitoIdentityProviderASF
2020-04-13 01:11:50 +0000  copying file ./Payload/meho-ios.app/Frameworks/AWSCognitoIdentityProviderASF.framework/Info.plist ... 
782 bytes for ./Payload/meho-ios.app/Frameworks/AWSCognitoIdentityProviderASF.framework/Info.plist
2020-04-13 01:11:50 +0000  copying file ./Payload/meho-ios.app/Frameworks/GTMSessionFetcher.framework/_CodeSignature/CodeResources ... 
2020-04-13 01:11:50 +0000  1798 bytes for ./Payload/meho-ios.app/Frameworks/GTMSessionFetcher.framework/_CodeSignature/CodeResources
copying file ./Payload/meho-ios.app/Frameworks/GTMSessionFetcher.framework/GTMSessionFetcher ... 
2020-04-13 01:11:50 +0000  435984 bytes for ./Payload/meho-ios.app/Frameworks/GTMSessionFetcher.framework/GTMSessionFetcher
2020-04-13 01:11:50 +0000  copying file ./Payload/meho-ios.app/Frameworks/GTMSessionFetcher.framework/Info.plist ... 
758 bytes for ./Payload/meho-ios.app/Frameworks/GTMSessionFetcher.framework/Info.plist
copying file ./Payload/meho-ios.app/Frameworks/AWSCognitoIdentityProvider.framework/_CodeSignature/CodeResources ... 
2020-04-13 01:11:50 +0000  1798 bytes for ./Payload/meho-ios.app/Frameworks/AWSCognitoIdentityProvider.framework/_CodeSignature/CodeResources
copying file ./Payload/meho-ios.app/Frameworks/AWSCognitoIdentityProvider.framework/AWSCognitoIdentityProvider ... 
2020-04-13 01:11:51 +0000  2534016 bytes for ./Payload/meho-ios.app/Frameworks/AWSCognitoIdentityProvider.framework/AWSCognitoIdentityProvider
2020-04-13 01:11:51 +0000  copying file ./Payload/meho-ios.app/Frameworks/AWSCognitoIdentityProvider.framework/Info.plist ... 
777 bytes for ./Payload/meho-ios.app/Frameworks/AWSCognitoIdentityProvider.framework/Info.plist
copying file ./Payload/meho-ios.app/Frameworks/AWSUserPoolsSignIn.framework/_CodeSignature/CodeResources ... 
13968 bytes for ./Payload/meho-ios.app/Frameworks/AWSUserPoolsSignIn.framework/_CodeSignature/CodeResources
copying file ./Payload/meho-ios.app/Frameworks/AWSUserPoolsSignIn.framework/AWSUserPoolsSignIn ... 
2020-04-13 01:11:51 +0000  270768 bytes for ./Payload/meho-ios.app/Frameworks/AWSUserPoolsSignIn.framework/AWSUserPoolsSignIn
2020-04-13 01:11:51 +0000  copying file ./Payload/meho-ios.app/Frameworks/AWSUserPoolsSignIn.framework/AWSUserPoolsSignIn.bundle/AWSUserPools.storyboardc/tBM-jZ-I7y-view-Z83-6q-CAy.nib/objects-13.0+.nib ... 
2020-04-13 01:11:51 +0000  11859 bytes for ./Payload/meho-ios.app/Frameworks/AWSUserPoolsSignIn.framework/AWSUserPoolsSignIn.bundle/AWSUserPools.storyboardc/tBM-jZ-I7y-view-Z83-6q-CAy.nib/objects-13.0+.nib
2020-04-13 01:11:51 +0000  copying file ./Payload/meho-ios.app/Frameworks/AWSUserPoolsSignIn.framework/AWSUserPoolsSignIn.bundle/AWSUserPools.storyboardc/tBM-jZ-I7y-view-Z83-6q-CAy.nib/runtime.nib ... 
2020-04-13 01:11:51 +0000  11852 bytes for ./Payload/meho-ios.app/Frameworks/AWSUserPoolsSignIn.framework/AWSUserPoolsSignIn.bundle/AWSUserPools.storyboardc/tBM-jZ-I7y-view-Z83-6q-CAy.nib/runtime.nib
2020-04-13 01:11:51 +0000  copying file ./Payload/meho-ios.app/Frameworks/AWSUserPoolsSignIn.framework/AWSUserPoolsSignIn.bundle/AWSUserPools.storyboardc/SignUpConfirmation.nib/objects-13.0+.nib ... 
2020-04-13 01:11:51 +0000  1161 bytes for ./Payload/meho-ios.app/Frameworks/AWSUserPoolsSignIn.framework/AWSUserPoolsSignIn.bundle/AWSUserPools.storyboardc/SignUpConfirmation.nib/objects-13.0+.nib
copying file ./Payload/meho-ios.app/Frameworks/AWSUserPoolsSignIn.framework/AWSUserPoolsSignIn.bundle/AWSUserPools.storyboardc/SignUpConfirmation.nib/runtime.nib ... 
1161 bytes for ./Payload/meho-ios.app/Frameworks/AWSUserPoolsSignIn.framework/AWSUserPoolsSignIn.bundle/AWSUserPools.storyboardc/SignUpConfirmation.nib/runtime.nib
2020-04-13 01:11:51 +0000  copying file ./Payload/meho-ios.app/Frameworks/AWSUserPoolsSignIn.framework/AWSUserPoolsSignIn.bundle/AWSUserPools.storyboardc/MFA.nib/objects-13.0+.nib ... 
1108 bytes for ./Payload/meho-ios.app/Frameworks/AWSUserPoolsSignIn.framework/AWSUserPoolsSignIn.bundle/AWSUserPools.storyboardc/MFA.nib/objects-13.0+.nib
2020-04-13 01:11:51 +0000  copying file ./Payload/meho-ios.app/Frameworks/AWSUserPoolsSignIn.framework/AWSUserPoolsSignIn.bundle/AWSUserPools.storyboardc/MFA.nib/runtime.nib ... 
1108 bytes for ./Payload/meho-ios.app/Frameworks/AWSUserPoolsSignIn.framework/AWSUserPoolsSignIn.bundle/AWSUserPools.storyboardc/MFA.nib/runtime.nib
2020-04-13 01:11:51 +0000  copying file ./Payload/meho-ios.app/Frameworks/AWSUserPoolsSignIn.framework/AWSUserPoolsSignIn.bundle/AWSUserPools.storyboardc/Wwt-zD-yTe-view-sSU-fu-YjH.nib/objects-13.0+.nib ... 
2020-04-13 01:11:51 +0000  11864 bytes for ./Payload/meho-ios.app/Frameworks/AWSUserPoolsSignIn.framework/AWSUserPoolsSignIn.bundle/AWSUserPools.storyboardc/Wwt-zD-yTe-view-sSU-fu-YjH.nib/objects-13.0+.nib
2020-04-13 01:11:51 +0000  copying file ./Payload/meho-ios.app/Frameworks/AWSUserPoolsSignIn.framework/AWSUserPoolsSignIn.bundle/AWSUserPools.storyboardc/Wwt-zD-yTe-view-sSU-fu-YjH.nib/runtime.nib ... 
2020-04-13 01:11:51 +0000  11865 bytes for ./Payload/meho-ios.app/Frameworks/AWSUserPoolsSignIn.framework/AWSUserPoolsSignIn.bundle/AWSUserPools.storyboardc/Wwt-zD-yTe-view-sSU-fu-YjH.nib/runtime.nib
2020-04-13 01:11:51 +0000  copying file ./Payload/meho-ios.app/Frameworks/AWSUserPoolsSignIn.framework/AWSUserPoolsSignIn.bundle/AWSUserPools.storyboardc/P72-4o-dGU-view-mvy-xA-fuB.nib/objects-13.0+.nib ... 
2020-04-13 01:11:51 +0000  12053 bytes for ./Payload/meho-ios.app/Frameworks/AWSUserPoolsSignIn.framework/AWSUserPoolsSignIn.bundle/AWSUserPools.storyboardc/P72-4o-dGU-view-mvy-xA-fuB.nib/objects-13.0+.nib
2020-04-13 01:11:51 +0000  copying file ./Payload/meho-ios.app/Frameworks/AWSUserPoolsSignIn.framework/AWSUserPoolsSignIn.bundle/AWSUserPools.storyboardc/P72-4o-dGU-view-mvy-xA-fuB.nib/runtime.nib ... 
2020-04-13 01:11:51 +0000  12050 bytes for ./Payload/meho-ios.app/Frameworks/AWSUserPoolsSignIn.framework/AWSUserPoolsSignIn.bundle/AWSUserPools.storyboardc/P72-4o-dGU-view-mvy-xA-fuB.nib/runtime.nib
2020-04-13 01:11:51 +0000  copying file ./Payload/meho-ios.app/Frameworks/AWSUserPoolsSignIn.framework/AWSUserPoolsSignIn.bundle/AWSUserPools.storyboardc/aLx-S5-wTI-view-dxd-xU-1jy.nib/objects-13.0+.nib ... 
2020-04-13 01:11:51 +0000  12823 bytes for ./Payload/meho-ios.app/Frameworks/AWSUserPoolsSignIn.framework/AWSUserPoolsSignIn.bundle/AWSUserPools.storyboardc/aLx-S5-wTI-view-dxd-xU-1jy.nib/objects-13.0+.nib
2020-04-13 01:11:51 +0000  copying file ./Payload/meho-ios.app/Frameworks/AWSUserPoolsSignIn.framework/AWSUserPoolsSignIn.bundle/AWSUserPools.storyboardc/aLx-S5-wTI-view-dxd-xU-1jy.nib/runtime.nib ... 
2020-04-13 01:11:51 +0000  12814 bytes for ./Payload/meho-ios.app/Frameworks/AWSUserPoolsSignIn.framework/AWSUserPoolsSignIn.bundle/AWSUserPools.storyboardc/aLx-S5-wTI-view-dxd-xU-1jy.nib/runtime.nib
2020-04-13 01:11:51 +0000  copying file ./Payload/meho-ios.app/Frameworks/AWSUserPoolsSignIn.framework/AWSUserPoolsSignIn.bundle/AWSUserPools.storyboardc/UIViewController-Wwt-zD-yTe.nib/objects-13.0+.nib ... 
2020-04-13 01:11:51 +0000  1021 bytes for ./Payload/meho-ios.app/Frameworks/AWSUserPoolsSignIn.framework/AWSUserPoolsSignIn.bundle/AWSUserPools.storyboardc/UIViewController-Wwt-zD-yTe.nib/objects-13.0+.nib
copying file ./Payload/meho-ios.app/Frameworks/AWSUserPoolsSignIn.framework/AWSUserPoolsSignIn.bundle/AWSUserPools.storyboardc/UIViewController-Wwt-zD-yTe.nib/runtime.nib ... 
2020-04-13 01:11:51 +0000  1021 bytes for ./Payload/meho-ios.app/Frameworks/AWSUserPoolsSignIn.framework/AWSUserPoolsSignIn.bundle/AWSUserPools.storyboardc/UIViewController-Wwt-zD-yTe.nib/runtime.nib
copying file ./Payload/meho-ios.app/Frameworks/AWSUserPoolsSignIn.framework/AWSUserPoolsSignIn.bundle/AWSUserPools.storyboardc/oYn-kQ-Tog-view-bRf-kC-3Qf.nib/objects-13.0+.nib ... 
2020-04-13 01:11:51 +0000  13189 bytes for ./Payload/meho-ios.app/Frameworks/AWSUserPoolsSignIn.framework/AWSUserPoolsSignIn.bundle/AWSUserPools.storyboardc/oYn-kQ-Tog-view-bRf-kC-3Qf.nib/objects-13.0+.nib
2020-04-13 01:11:51 +0000  copying file ./Payload/meho-ios.app/Frameworks/AWSUserPoolsSignIn.framework/AWSUserPoolsSignIn.bundle/AWSUserPools.storyboardc/oYn-kQ-Tog-view-bRf-kC-3Qf.nib/runtime.nib ... 
2020-04-13 01:11:51 +0000  13194 bytes for ./Payload/meho-ios.app/Frameworks/AWSUserPoolsSignIn.framework/AWSUserPoolsSignIn.bundle/AWSUserPools.storyboardc/oYn-kQ-Tog-view-bRf-kC-3Qf.nib/runtime.nib
2020-04-13 01:11:51 +0000  copying file ./Payload/meho-ios.app/Frameworks/AWSUserPoolsSignIn.framework/AWSUserPoolsSignIn.bundle/AWSUserPools.storyboardc/Fee-Hn-G0A-view-3Ww-qO-xXn.nib/objects-13.0+.nib ... 
2020-04-13 01:11:51 +0000  13195 bytes for ./Payload/meho-ios.app/Frameworks/AWSUserPoolsSignIn.framework/AWSUserPoolsSignIn.bundle/AWSUserPools.storyboardc/Fee-Hn-G0A-view-3Ww-qO-xXn.nib/objects-13.0+.nib
2020-04-13 01:11:51 +0000  copying file ./Payload/meho-ios.app/Frameworks/AWSUserPoolsSignIn.framework/AWSUserPoolsSignIn.bundle/AWSUserPools.storyboardc/Fee-Hn-G0A-view-3Ww-qO-xXn.nib/runtime.nib ... 
2020-04-13 01:11:51 +0000  13181 bytes for ./Payload/meho-ios.app/Frameworks/AWSUserPoolsSignIn.framework/AWSUserPoolsSignIn.bundle/AWSUserPools.storyboardc/Fee-Hn-G0A-view-3Ww-qO-xXn.nib/runtime.nib
2020-04-13 01:11:51 +0000  copying file ./Payload/meho-ios.app/Frameworks/AWSUserPoolsSignIn.framework/AWSUserPoolsSignIn.bundle/AWSUserPools.storyboardc/UINavigationController-SfA-Z0-41u.nib/objects-13.0+.nib ... 
2020-04-13 01:11:51 +0000  1198 bytes for ./Payload/meho-ios.app/Frameworks/AWSUserPoolsSignIn.framework/AWSUserPoolsSignIn.bundle/AWSUserPools.storyboardc/UINavigationController-SfA-Z0-41u.nib/objects-13.0+.nib
copying file ./Payload/meho-ios.app/Frameworks/AWSUserPoolsSignIn.framework/AWSUserPoolsSignIn.bundle/AWSUserPools.storyboardc/UINavigationController-SfA-Z0-41u.nib/runtime.nib ... 
2020-04-13 01:11:51 +0000  1198 bytes for ./Payload/meho-ios.app/Frameworks/AWSUserPoolsSignIn.framework/AWSUserPoolsSignIn.bundle/AWSUserPools.storyboardc/UINavigationController-SfA-Z0-41u.nib/runtime.nib
copying file ./Payload/meho-ios.app/Frameworks/AWSUserPoolsSignIn.framework/AWSUserPoolsSignIn.bundle/AWSUserPools.storyboardc/ForgotPassword.nib/objects-13.0+.nib ... 
2020-04-13 01:11:51 +0000  1452 bytes for ./Payload/meho-ios.app/Frameworks/AWSUserPoolsSignIn.framework/AWSUserPoolsSignIn.bundle/AWSUserPools.storyboardc/ForgotPassword.nib/objects-13.0+.nib
copying file ./Payload/meho-ios.app/Frameworks/AWSUserPoolsSignIn.framework/AWSUserPoolsSignIn.bundle/AWSUserPools.storyboardc/ForgotPassword.nib/runtime.nib ... 
2020-04-13 01:11:51 +0000  1452 bytes for ./Payload/meho-ios.app/Frameworks/AWSUserPoolsSignIn.framework/AWSUserPoolsSignIn.bundle/AWSUserPools.storyboardc/ForgotPassword.nib/runtime.nib
2020-04-13 01:11:51 +0000  copying file ./Payload/meho-ios.app/Frameworks/AWSUserPoolsSignIn.framework/AWSUserPoolsSignIn.bundle/AWSUserPools.storyboardc/SignUp.nib/objects-13.0+.nib ... 
1421 bytes for ./Payload/meho-ios.app/Frameworks/AWSUserPoolsSignIn.framework/AWSUserPoolsSignIn.bundle/AWSUserPools.storyboardc/SignUp.nib/objects-13.0+.nib
2020-04-13 01:11:51 +0000  copying file ./Payload/meho-ios.app/Frameworks/AWSUserPoolsSignIn.framework/AWSUserPoolsSignIn.bundle/AWSUserPools.storyboardc/SignUp.nib/runtime.nib ... 
2020-04-13 01:11:51 +0000  1421 bytes for ./Payload/meho-ios.app/Frameworks/AWSUserPoolsSignIn.framework/AWSUserPoolsSignIn.bundle/AWSUserPools.storyboardc/SignUp.nib/runtime.nib
copying file ./Payload/meho-ios.app/Frameworks/AWSUserPoolsSignIn.framework/AWSUserPoolsSignIn.bundle/AWSUserPools.storyboardc/Info.plist ... 
2020-04-13 01:11:51 +0000  519 bytes for ./Payload/meho-ios.app/Frameworks/AWSUserPoolsSignIn.framework/AWSUserPoolsSignIn.bundle/AWSUserPools.storyboardc/Info.plist
copying file ./Payload/meho-ios.app/Frameworks/AWSUserPoolsSignIn.framework/AWSUserPoolsSignIn.bundle/AWSUserPools.storyboardc/NewPasswordRequired.nib/objects-13.0+.nib ... 
2020-04-13 01:11:51 +0000  1149 bytes for ./Payload/meho-ios.app/Frameworks/AWSUserPoolsSignIn.framework/AWSUserPoolsSignIn.bundle/AWSUserPools.storyboardc/NewPasswordRequired.nib/objects-13.0+.nib
2020-04-13 01:11:51 +0000  copying file ./Payload/meho-ios.app/Frameworks/AWSUserPoolsSignIn.framework/AWSUserPoolsSignIn.bundle/AWSUserPools.storyboardc/NewPasswordRequired.nib/runtime.nib ... 
1149 bytes for ./Payload/meho-ios.app/Frameworks/AWSUserPoolsSignIn.framework/AWSUserPoolsSignIn.bundle/AWSUserPools.storyboardc/NewPasswordRequired.nib/runtime.nib
2020-04-13 01:11:51 +0000  copying file ./Payload/meho-ios.app/Frameworks/AWSUserPoolsSignIn.framework/AWSUserPoolsSignIn.bundle/Info.plist ... 
736 bytes for ./Payload/meho-ios.app/Frameworks/AWSUserPoolsSignIn.framework/AWSUserPoolsSignIn.bundle/Info.plist
copying file ./Payload/meho-ios.app/Frameworks/AWSUserPoolsSignIn.framework/Info.plist ... 
2020-04-13 01:11:51 +0000  761 bytes for ./Payload/meho-ios.app/Frameworks/AWSUserPoolsSignIn.framework/Info.plist
copying file ./Payload/meho-ios.app/Frameworks/AWSCore.framework/_CodeSignature/CodeResources ... 
2020-04-13 01:11:51 +0000  1798 bytes for ./Payload/meho-ios.app/Frameworks/AWSCore.framework/_CodeSignature/CodeResources
copying file ./Payload/meho-ios.app/Frameworks/AWSCore.framework/AWSCore ... 
2020-04-13 01:11:51 +0000  2048176 bytes for ./Payload/meho-ios.app/Frameworks/AWSCore.framework/AWSCore
2020-04-13 01:11:51 +0000  copying file ./Payload/meho-ios.app/Frameworks/AWSCore.framework/Info.plist ... 
737 bytes for ./Payload/meho-ios.app/Frameworks/AWSCore.framework/Info.plist
copying file ./Payload/meho-ios.app/Frameworks/GoogleToolboxForMac.framework/_CodeSignature/CodeResources ... 
1798 bytes for ./Payload/meho-ios.app/Frameworks/GoogleToolboxForMac.framework/_CodeSignature/CodeResources
copying file ./Payload/meho-ios.app/Frameworks/GoogleToolboxForMac.framework/GoogleToolboxForMac ... 
2020-04-13 01:11:51 +0000  105248 bytes for ./Payload/meho-ios.app/Frameworks/GoogleToolboxForMac.framework/GoogleToolboxForMac
2020-04-13 01:11:51 +0000  copying file ./Payload/meho-ios.app/Frameworks/GoogleToolboxForMac.framework/Info.plist ... 
2020-04-13 01:11:51 +0000  762 bytes for ./Payload/meho-ios.app/Frameworks/GoogleToolboxForMac.framework/Info.plist
2020-04-13 01:11:51 +0000  copying file ./Payload/meho-ios.app/Frameworks/AWSAuthUI.framework/_CodeSignature/CodeResources ... 
2020-04-13 01:11:51 +0000  4380 bytes for ./Payload/meho-ios.app/Frameworks/AWSAuthUI.framework/_CodeSignature/CodeResources
2020-04-13 01:11:51 +0000  copying file ./Payload/meho-ios.app/Frameworks/AWSAuthUI.framework/AWSAuthUI.bundle/SignIn.storyboardc/SignIn.nib/objects-13.0+.nib ... 
2020-04-13 01:11:51 +0000  1135 bytes for ./Payload/meho-ios.app/Frameworks/AWSAuthUI.framework/AWSAuthUI.bundle/SignIn.storyboardc/SignIn.nib/objects-13.0+.nib
copying file ./Payload/meho-ios.app/Frameworks/AWSAuthUI.framework/AWSAuthUI.bundle/SignIn.storyboardc/SignIn.nib/runtime.nib ... 
2020-04-13 01:11:51 +0000  1135 bytes for ./Payload/meho-ios.app/Frameworks/AWSAuthUI.framework/AWSAuthUI.bundle/SignIn.storyboardc/SignIn.nib/runtime.nib
copying file ./Payload/meho-ios.app/Frameworks/AWSAuthUI.framework/AWSAuthUI.bundle/SignIn.storyboardc/xc1-Jg-Y5t-view-n6k-Ut-fuw.nib/objects-13.0+.nib ... 
2020-04-13 01:11:51 +0000  16158 bytes for ./Payload/meho-ios.app/Frameworks/AWSAuthUI.framework/AWSAuthUI.bundle/SignIn.storyboardc/xc1-Jg-Y5t-view-n6k-Ut-fuw.nib/objects-13.0+.nib
2020-04-13 01:11:51 +0000  copying file ./Payload/meho-ios.app/Frameworks/AWSAuthUI.framework/AWSAuthUI.bundle/SignIn.storyboardc/xc1-Jg-Y5t-view-n6k-Ut-fuw.nib/runtime.nib ... 
2020-04-13 01:11:51 +0000  16157 bytes for ./Payload/meho-ios.app/Frameworks/AWSAuthUI.framework/AWSAuthUI.bundle/SignIn.storyboardc/xc1-Jg-Y5t-view-n6k-Ut-fuw.nib/runtime.nib
2020-04-13 01:11:51 +0000  copying file ./Payload/meho-ios.app/Frameworks/AWSAuthUI.framework/AWSAuthUI.bundle/SignIn.storyboardc/Info.plist ... 
133 bytes for ./Payload/meho-ios.app/Frameworks/AWSAuthUI.framework/AWSAuthUI.bundle/SignIn.storyboardc/Info.plist
copying file ./Payload/meho-ios.app/Frameworks/AWSAuthUI.framework/AWSAuthUI.bundle/Assets.car ... 
2020-04-13 01:11:51 +0000  315071 bytes for ./Payload/meho-ios.app/Frameworks/AWSAuthUI.framework/AWSAuthUI.bundle/Assets.car
2020-04-13 01:11:51 +0000  copying file ./Payload/meho-ios.app/Frameworks/AWSAuthUI.framework/AWSAuthUI.bundle/Info.plist ... 
716 bytes for ./Payload/meho-ios.app/Frameworks/AWSAuthUI.framework/AWSAuthUI.bundle/Info.plist
copying file ./Payload/meho-ios.app/Frameworks/AWSAuthUI.framework/AWSAuthUI ... 
2020-04-13 01:11:51 +0000  135104 bytes for ./Payload/meho-ios.app/Frameworks/AWSAuthUI.framework/AWSAuthUI
2020-04-13 01:11:51 +0000  copying file ./Payload/meho-ios.app/Frameworks/AWSAuthUI.framework/Info.plist ... 
741 bytes for ./Payload/meho-ios.app/Frameworks/AWSAuthUI.framework/Info.plist
2020-04-13 01:11:51 +0000  copying file ./Payload/meho-ios.app/Frameworks/FBSDKCoreKit.framework/_CodeSignature/CodeResources ... 
2020-04-13 01:11:51 +0000  23638 bytes for ./Payload/meho-ios.app/Frameworks/FBSDKCoreKit.framework/_CodeSignature/CodeResources
copying file ./Payload/meho-ios.app/Frameworks/FBSDKCoreKit.framework/FBSDKCoreKit ... 
2020-04-13 01:11:51 +0000  1265344 bytes for ./Payload/meho-ios.app/Frameworks/FBSDKCoreKit.framework/FBSDKCoreKit
2020-04-13 01:11:51 +0000  copying file ./Payload/meho-ios.app/Frameworks/FBSDKCoreKit.framework/FacebookSDKStrings.bundle/Resources/de.lproj/FacebookSDK.strings ... 
5174 bytes for ./Payload/meho-ios.app/Frameworks/FBSDKCoreKit.framework/FacebookSDKStrings.bundle/Resources/de.lproj/FacebookSDK.strings
copying file ./Payload/meho-ios.app/Frameworks/FBSDKCoreKit.framework/FacebookSDKStrings.bundle/Resources/he.lproj/FacebookSDK.strings ... 
5282 bytes for ./Payload/meho-ios.app/Frameworks/FBSDKCoreKit.framework/FacebookSDKStrings.bundle/Resources/he.lproj/FacebookSDK.strings
copying file ./Payload/meho-ios.app/Frameworks/FBSDKCoreKit.framework/FacebookSDKStrings.bundle/Resources/ar.lproj/FacebookSDK.strings ... 
5603 bytes for ./Payload/meho-ios.app/Frameworks/FBSDKCoreKit.framework/FacebookSDKStrings.bundle/Resources/ar.lproj/FacebookSDK.strings
copying file ./Payload/meho-ios.app/Frameworks/FBSDKCoreKit.framework/FacebookSDKStrings.bundle/Resources/el.lproj/FacebookSDK.strings ... 
6162 bytes for ./Payload/meho-ios.app/Frameworks/FBSDKCoreKit.framework/FacebookSDKStrings.bundle/Resources/el.lproj/FacebookSDK.strings
copying file ./Payload/meho-ios.app/Frameworks/FBSDKCoreKit.framework/FacebookSDKStrings.bundle/Resources/ja.lproj/FacebookSDK.strings ... 
5419 bytes for ./Payload/meho-ios.app/Frameworks/FBSDKCoreKit.framework/FacebookSDKStrings.bundle/Resources/ja.lproj/FacebookSDK.strings
copying file ./Payload/meho-ios.app/Frameworks/FBSDKCoreKit.framework/FacebookSDKStrings.bundle/Resources/mr.lproj/FacebookSDK.strings ... 
2020-04-13 01:11:51 +0000  6747 bytes for ./Payload/meho-ios.app/Frameworks/FBSDKCoreKit.framework/FacebookSDKStrings.bundle/Resources/mr.lproj/FacebookSDK.strings
2020-04-13 01:11:51 +0000  copying file ./Payload/meho-ios.app/Frameworks/FBSDKCoreKit.framework/FacebookSDKStrings.bundle/Resources/en.lproj/FacebookSDK.strings ... 
2020-04-13 01:11:51 +0000  8672 bytes for ./Payload/meho-ios.app/Frameworks/FBSDKCoreKit.framework/FacebookSDKStrings.bundle/Resources/en.lproj/FacebookSDK.strings
2020-04-13 01:11:51 +0000  copying file ./Payload/meho-ios.app/Frameworks/FBSDKCoreKit.framework/FacebookSDKStrings.bundle/Resources/gu.lproj/FacebookSDK.strings ... 
2020-04-13 01:11:51 +0000  6757 bytes for ./Payload/meho-ios.app/Frameworks/FBSDKCoreKit.framework/FacebookSDKStrings.bundle/Resources/gu.lproj/FacebookSDK.strings
copying file ./Payload/meho-ios.app/Frameworks/FBSDKCoreKit.framework/FacebookSDKStrings.bundle/Resources/kn.lproj/FacebookSDK.strings ... 
2020-04-13 01:11:51 +0000  5977 bytes for ./Payload/meho-ios.app/Frameworks/FBSDKCoreKit.framework/FacebookSDKStrings.bundle/Resources/kn.lproj/FacebookSDK.strings
2020-04-13 01:11:51 +0000  copying file ./Payload/meho-ios.app/Frameworks/FBSDKCoreKit.framework/FacebookSDKStrings.bundle/Resources/nb.lproj/FacebookSDK.strings ... 
2020-04-13 01:11:51 +0000  4911 bytes for ./Payload/meho-ios.app/Frameworks/FBSDKCoreKit.framework/FacebookSDKStrings.bundle/Resources/nb.lproj/FacebookSDK.strings
copying file ./Payload/meho-ios.app/Frameworks/FBSDKCoreKit.framework/FacebookSDKStrings.bundle/Resources/pa.lproj/FacebookSDK.strings ... 
2020-04-13 01:11:51 +0000  6874 bytes for ./Payload/meho-ios.app/Frameworks/FBSDKCoreKit.framework/FacebookSDKStrings.bundle/Resources/pa.lproj/FacebookSDK.strings
2020-04-13 01:11:51 +0000  copying file ./Payload/meho-ios.app/Frameworks/FBSDKCoreKit.framework/FacebookSDKStrings.bundle/Resources/es.lproj/FacebookSDK.strings ... 
2020-04-13 01:11:51 +0000  5110 bytes for ./Payload/meho-ios.app/Frameworks/FBSDKCoreKit.framework/FacebookSDKStrings.bundle/Resources/es.lproj/FacebookSDK.strings
2020-04-13 01:11:51 +0000  copying file ./Payload/meho-ios.app/Frameworks/FBSDKCoreKit.framework/FacebookSDKStrings.bundle/Resources/da.lproj/FacebookSDK.strings ... 
2020-04-13 01:11:51 +0000  4975 bytes for ./Payload/meho-ios.app/Frameworks/FBSDKCoreKit.framework/FacebookSDKStrings.bundle/Resources/da.lproj/FacebookSDK.strings
2020-04-13 01:11:51 +0000  copying file ./Payload/meho-ios.app/Frameworks/FBSDKCoreKit.framework/FacebookSDKStrings.bundle/Resources/it.lproj/FacebookSDK.strings ... 
2020-04-13 01:11:51 +0000  5016 bytes for ./Payload/meho-ios.app/Frameworks/FBSDKCoreKit.framework/FacebookSDKStrings.bundle/Resources/it.lproj/FacebookSDK.strings
copying file ./Payload/meho-ios.app/Frameworks/FBSDKCoreKit.framework/FacebookSDKStrings.bundle/Resources/sk.lproj/FacebookSDK.strings ... 
2020-04-13 01:11:51 +0000  5130 bytes for ./Payload/meho-ios.app/Frameworks/FBSDKCoreKit.framework/FacebookSDKStrings.bundle/Resources/sk.lproj/FacebookSDK.strings
copying file ./Payload/meho-ios.app/Frameworks/FBSDKCoreKit.framework/FacebookSDKStrings.bundle/Resources/pt_PT.lproj/FacebookSDK.strings ... 
2020-04-13 01:11:51 +0000  5139 bytes for ./Payload/meho-ios.app/Frameworks/FBSDKCoreKit.framework/FacebookSDKStrings.bundle/Resources/pt_PT.lproj/FacebookSDK.strings
2020-04-13 01:11:51 +0000  copying file ./Payload/meho-ios.app/Frameworks/FBSDKCoreKit.framework/FacebookSDKStrings.bundle/Resources/ms.lproj/FacebookSDK.strings ... 
2020-04-13 01:11:51 +0000  4990 bytes for ./Payload/meho-ios.app/Frameworks/FBSDKCoreKit.framework/FacebookSDKStrings.bundle/Resources/ms.lproj/FacebookSDK.strings
copying file ./Payload/meho-ios.app/Frameworks/FBSDKCoreKit.framework/FacebookSDKStrings.bundle/Resources/ta.lproj/FacebookSDK.strings ... 
2020-04-13 01:11:51 +0000  7039 bytes for ./Payload/meho-ios.app/Frameworks/FBSDKCoreKit.framework/FacebookSDKStrings.bundle/Resources/ta.lproj/FacebookSDK.strings
2020-04-13 01:11:51 +0000  copying file ./Payload/meho-ios.app/Frameworks/FBSDKCoreKit.framework/FacebookSDKStrings.bundle/Resources/ml.lproj/FacebookSDK.strings ... 
2020-04-13 01:11:51 +0000  7388 bytes for ./Payload/meho-ios.app/Frameworks/FBSDKCoreKit.framework/FacebookSDKStrings.bundle/Resources/ml.lproj/FacebookSDK.strings
copying file ./Payload/meho-ios.app/Frameworks/FBSDKCoreKit.framework/FacebookSDKStrings.bundle/Resources/sv.lproj/FacebookSDK.strings ... 
2020-04-13 01:11:51 +0000  4940 bytes for ./Payload/meho-ios.app/Frameworks/FBSDKCoreKit.framework/FacebookSDKStrings.bundle/Resources/sv.lproj/FacebookSDK.strings
2020-04-13 01:11:51 +0000  copying file ./Payload/meho-ios.app/Frameworks/FBSDKCoreKit.framework/FacebookSDKStrings.bundle/Resources/te.lproj/FacebookSDK.strings ... 
2020-04-13 01:11:51 +0000  7083 bytes for ./Payload/meho-ios.app/Frameworks/FBSDKCoreKit.framework/FacebookSDKStrings.bundle/Resources/te.lproj/FacebookSDK.strings
2020-04-13 01:11:51 +0000  copying file ./Payload/meho-ios.app/Frameworks/FBSDKCoreKit.framework/FacebookSDKStrings.bundle/Resources/cs.lproj/FacebookSDK.strings ... 
2020-04-13 01:11:51 +0000  5115 bytes for ./Payload/meho-ios.app/Frameworks/FBSDKCoreKit.framework/FacebookSDKStrings.bundle/Resources/cs.lproj/FacebookSDK.strings
copying file ./Payload/meho-ios.app/Frameworks/FBSDKCoreKit.framework/FacebookSDKStrings.bundle/Resources/ko.lproj/FacebookSDK.strings ... 
2020-04-13 01:11:51 +0000  5137 bytes for ./Payload/meho-ios.app/Frameworks/FBSDKCoreKit.framework/FacebookSDKStrings.bundle/Resources/ko.lproj/FacebookSDK.strings
2020-04-13 01:11:51 +0000  copying file ./Payload/meho-ios.app/Frameworks/FBSDKCoreKit.framework/FacebookSDKStrings.bundle/Resources/fil.lproj/FacebookSDK.strings ... 
2020-04-13 01:11:51 +0000  5137 bytes for ./Payload/meho-ios.app/Frameworks/FBSDKCoreKit.framework/FacebookSDKStrings.bundle/Resources/fil.lproj/FacebookSDK.strings
copying file ./Payload/meho-ios.app/Frameworks/FBSDKCoreKit.framework/FacebookSDKStrings.bundle/Resources/hu.lproj/FacebookSDK.strings ... 
2020-04-13 01:11:51 +0000  5233 bytes for ./Payload/meho-ios.app/Frameworks/FBSDKCoreKit.framework/FacebookSDKStrings.bundle/Resources/hu.lproj/FacebookSDK.strings
copying file ./Payload/meho-ios.app/Frameworks/FBSDKCoreKit.framework/FacebookSDKStrings.bundle/Resources/tr.lproj/FacebookSDK.strings ... 
2020-04-13 01:11:51 +0000  5006 bytes for ./Payload/meho-ios.app/Frameworks/FBSDKCoreKit.framework/FacebookSDKStrings.bundle/Resources/tr.lproj/FacebookSDK.strings
2020-04-13 01:11:51 +0000  copying file ./Payload/meho-ios.app/Frameworks/FBSDKCoreKit.framework/FacebookSDKStrings.bundle/Resources/pl.lproj/FacebookSDK.strings ... 
2020-04-13 01:11:51 +0000  5086 bytes for ./Payload/meho-ios.app/Frameworks/FBSDKCoreKit.framework/FacebookSDKStrings.bundle/Resources/pl.lproj/FacebookSDK.strings
copying file ./Payload/meho-ios.app/Frameworks/FBSDKCoreKit.framework/FacebookSDKStrings.bundle/Resources/en_GB.lproj/FacebookSDK.strings ... 
2020-04-13 01:11:51 +0000  4509 bytes for ./Payload/meho-ios.app/Frameworks/FBSDKCoreKit.framework/FacebookSDKStrings.bundle/Resources/en_GB.lproj/FacebookSDK.strings
copying file ./Payload/meho-ios.app/Frameworks/FBSDKCoreKit.framework/FacebookSDKStrings.bundle/Resources/zh_Hant_TW.lproj/FacebookSDK.strings ... 
2020-04-13 01:11:51 +0000  4891 bytes for ./Payload/meho-ios.app/Frameworks/FBSDKCoreKit.framework/FacebookSDKStrings.bundle/Resources/zh_Hant_TW.lproj/FacebookSDK.strings
2020-04-13 01:11:51 +0000  copying file ./Payload/meho-ios.app/Frameworks/FBSDKCoreKit.framework/FacebookSDKStrings.bundle/Resources/vi.lproj/FacebookSDK.strings ... 
2020-04-13 01:11:51 +0000  5393 bytes for ./Payload/meho-ios.app/Frameworks/FBSDKCoreKit.framework/FacebookSDKStrings.bundle/Resources/vi.lproj/FacebookSDK.strings
2020-04-13 01:11:51 +0000  copying file ./Payload/meho-ios.app/Frameworks/FBSDKCoreKit.framework/FacebookSDKStrings.bundle/Resources/ru.lproj/FacebookSDK.strings ... 
2020-04-13 01:11:51 +0000  5711 bytes for ./Payload/meho-ios.app/Frameworks/FBSDKCoreKit.framework/FacebookSDKStrings.bundle/Resources/ru.lproj/FacebookSDK.strings
2020-04-13 01:11:51 +0000  copying file ./Payload/meho-ios.app/Frameworks/FBSDKCoreKit.framework/FacebookSDKStrings.bundle/Resources/zh_Hant_HK.lproj/FacebookSDK.strings ... 
2020-04-13 01:11:51 +0000  4853 bytes for ./Payload/meho-ios.app/Frameworks/FBSDKCoreKit.framework/FacebookSDKStrings.bundle/Resources/zh_Hant_HK.lproj/FacebookSDK.strings
2020-04-13 01:11:51 +0000  copying file ./Payload/meho-ios.app/Frameworks/FBSDKCoreKit.framework/FacebookSDKStrings.bundle/Resources/af.lproj/FacebookSDK.strings ... 
2020-04-13 01:11:51 +0000  5014 bytes for ./Payload/meho-ios.app/Frameworks/FBSDKCoreKit.framework/FacebookSDKStrings.bundle/Resources/af.lproj/FacebookSDK.strings
copying file ./Payload/meho-ios.app/Frameworks/FBSDKCoreKit.framework/FacebookSDKStrings.bundle/Resources/es_ES.lproj/FacebookSDK.strings ... 
2020-04-13 01:11:51 +0000  5128 bytes for ./Payload/meho-ios.app/Frameworks/FBSDKCoreKit.framework/FacebookSDKStrings.bundle/Resources/es_ES.lproj/FacebookSDK.strings
copying file ./Payload/meho-ios.app/Frameworks/FBSDKCoreKit.framework/FacebookSDKStrings.bundle/Resources/fr.lproj/FacebookSDK.strings ... 
2020-04-13 01:11:51 +0000  5228 bytes for ./Payload/meho-ios.app/Frameworks/FBSDKCoreKit.framework/FacebookSDKStrings.bundle/Resources/fr.lproj/FacebookSDK.strings
2020-04-13 01:11:51 +0000  copying file ./Payload/meho-ios.app/Frameworks/FBSDKCoreKit.framework/FacebookSDKStrings.bundle/Resources/fi.lproj/FacebookSDK.strings ... 
5096 bytes for ./Payload/meho-ios.app/Frameworks/FBSDKCoreKit.framework/FacebookSDKStrings.bundle/Resources/fi.lproj/FacebookSDK.strings
2020-04-13 01:11:51 +0000  copying file ./Payload/meho-ios.app/Frameworks/FBSDKCoreKit.framework/FacebookSDKStrings.bundle/Resources/id.lproj/FacebookSDK.strings ... 
2020-04-13 01:11:51 +0000  4932 bytes for ./Payload/meho-ios.app/Frameworks/FBSDKCoreKit.framework/FacebookSDKStrings.bundle/Resources/id.lproj/FacebookSDK.strings
copying file ./Payload/meho-ios.app/Frameworks/FBSDKCoreKit.framework/FacebookSDKStrings.bundle/Resources/nl.lproj/FacebookSDK.strings ... 
2020-04-13 01:11:51 +0000  5014 bytes for ./Payload/meho-ios.app/Frameworks/FBSDKCoreKit.framework/FacebookSDKStrings.bundle/Resources/nl.lproj/FacebookSDK.strings
2020-04-13 01:11:51 +0000  copying file ./Payload/meho-ios.app/Frameworks/FBSDKCoreKit.framework/FacebookSDKStrings.bundle/Resources/th.lproj/FacebookSDK.strings ... 
2020-04-13 01:11:51 +0000  6758 bytes for ./Payload/meho-ios.app/Frameworks/FBSDKCoreKit.framework/FacebookSDKStrings.bundle/Resources/th.lproj/FacebookSDK.strings
copying file ./Payload/meho-ios.app/Frameworks/FBSDKCoreKit.framework/FacebookSDKStrings.bundle/Resources/pt.lproj/FacebookSDK.strings ... 
2020-04-13 01:11:51 +0000  5043 bytes for ./Payload/meho-ios.app/Frameworks/FBSDKCoreKit.framework/FacebookSDKStrings.bundle/Resources/pt.lproj/FacebookSDK.strings
2020-04-13 01:11:51 +0000  copying file ./Payload/meho-ios.app/Frameworks/FBSDKCoreKit.framework/FacebookSDKStrings.bundle/Resources/bn.lproj/FacebookSDK.strings ... 
2020-04-13 01:11:51 +0000  7025 bytes for ./Payload/meho-ios.app/Frameworks/FBSDKCoreKit.framework/FacebookSDKStrings.bundle/Resources/bn.lproj/FacebookSDK.strings
copying file ./Payload/meho-ios.app/Frameworks/FBSDKCoreKit.framework/FacebookSDKStrings.bundle/Resources/hr.lproj/FacebookSDK.strings ... 
2020-04-13 01:11:51 +0000  4978 bytes for ./Payload/meho-ios.app/Frameworks/FBSDKCoreKit.framework/FacebookSDKStrings.bundle/Resources/hr.lproj/FacebookSDK.strings
2020-04-13 01:11:51 +0000  copying file ./Payload/meho-ios.app/Frameworks/FBSDKCoreKit.framework/FacebookSDKStrings.bundle/Resources/hi.lproj/FacebookSDK.strings ... 
2020-04-13 01:11:51 +0000  6785 bytes for ./Payload/meho-ios.app/Frameworks/FBSDKCoreKit.framework/FacebookSDKStrings.bundle/Resources/hi.lproj/FacebookSDK.strings
copying file ./Payload/meho-ios.app/Frameworks/FBSDKCoreKit.framework/FacebookSDKStrings.bundle/Resources/zh.lproj/FacebookSDK.strings ... 
2020-04-13 01:11:51 +0000  4833 bytes for ./Payload/meho-ios.app/Frameworks/FBSDKCoreKit.framework/FacebookSDKStrings.bundle/Resources/zh.lproj/FacebookSDK.strings
copying file ./Payload/meho-ios.app/Frameworks/FBSDKCoreKit.framework/Info.plist ... 
2020-04-13 01:11:51 +0000  746 bytes for ./Payload/meho-ios.app/Frameworks/FBSDKCoreKit.framework/Info.plist
copying file ./Payload/meho-ios.app/Frameworks/AWSMobileClient.framework/_CodeSignature/CodeResources ... 
2020-04-13 01:11:51 +0000  1798 bytes for ./Payload/meho-ios.app/Frameworks/AWSMobileClient.framework/_CodeSignature/CodeResources
copying file ./Payload/meho-ios.app/Frameworks/AWSMobileClient.framework/AWSMobileClient ... 
2020-04-13 01:11:51 +0000  826160 bytes for ./Payload/meho-ios.app/Frameworks/AWSMobileClient.framework/AWSMobileClient
2020-04-13 01:11:51 +0000  copying file ./Payload/meho-ios.app/Frameworks/AWSMobileClient.framework/Info.plist ... 
755 bytes for ./Payload/meho-ios.app/Frameworks/AWSMobileClient.framework/Info.plist
copying file ./Payload/meho-ios.app/Frameworks/AWSGoogleSignIn.framework/_CodeSignature/CodeResources ... 
2020-04-13 01:11:51 +0000  2454 bytes for ./Payload/meho-ios.app/Frameworks/AWSGoogleSignIn.framework/_CodeSignature/CodeResources
copying file ./Payload/meho-ios.app/Frameworks/AWSGoogleSignIn.framework/AWSGoogleSignIn ... 
2020-04-13 01:11:51 +0000  126784 bytes for ./Payload/meho-ios.app/Frameworks/AWSGoogleSignIn.framework/AWSGoogleSignIn
2020-04-13 01:11:51 +0000  copying file ./Payload/meho-ios.app/Frameworks/AWSGoogleSignIn.framework/AWSGoogleSignIn.bundle/Assets.car ... 
2020-04-13 01:11:51 +0000  65295 bytes for ./Payload/meho-ios.app/Frameworks/AWSGoogleSignIn.framework/AWSGoogleSignIn.bundle/Assets.car
2020-04-13 01:11:51 +0000  copying file ./Payload/meho-ios.app/Frameworks/AWSGoogleSignIn.framework/AWSGoogleSignIn.bundle/Info.plist ... 
730 bytes for ./Payload/meho-ios.app/Frameworks/AWSGoogleSignIn.framework/AWSGoogleSignIn.bundle/Info.plist
copying file ./Payload/meho-ios.app/Frameworks/AWSGoogleSignIn.framework/Info.plist ... 
2020-04-13 01:11:51 +0000  755 bytes for ./Payload/meho-ios.app/Frameworks/AWSGoogleSignIn.framework/Info.plist
copying file ./Payload/meho-ios.app/Frameworks/AWSFacebookSignIn.framework/_CodeSignature/CodeResources ... 
2020-04-13 01:11:51 +0000  2462 bytes for ./Payload/meho-ios.app/Frameworks/AWSFacebookSignIn.framework/_CodeSignature/CodeResources
2020-04-13 01:11:51 +0000  copying file ./Payload/meho-ios.app/Frameworks/AWSFacebookSignIn.framework/AWSFacebookSignIn ... 
2020-04-13 01:11:51 +0000  106976 bytes for ./Payload/meho-ios.app/Frameworks/AWSFacebookSignIn.framework/AWSFacebookSignIn
2020-04-13 01:11:51 +0000  copying file ./Payload/meho-ios.app/Frameworks/AWSFacebookSignIn.framework/AWSFacebookSignIn.bundle/Assets.car ... 
2020-04-13 01:11:51 +0000  35295 bytes for ./Payload/meho-ios.app/Frameworks/AWSFacebookSignIn.framework/AWSFacebookSignIn.bundle/Assets.car
2020-04-13 01:11:51 +0000  copying file ./Payload/meho-ios.app/Frameworks/AWSFacebookSignIn.framework/AWSFacebookSignIn.bundle/Info.plist ... 
734 bytes for ./Payload/meho-ios.app/Frameworks/AWSFacebookSignIn.framework/AWSFacebookSignIn.bundle/Info.plist
2020-04-13 01:11:51 +0000  copying file ./Payload/meho-ios.app/Frameworks/AWSFacebookSignIn.framework/Info.plist ... 
759 bytes for ./Payload/meho-ios.app/Frameworks/AWSFacebookSignIn.framework/Info.plist
2020-04-13 01:11:51 +0000  copying file ./Payload/meho-ios.app/Frameworks/AWSAuthCore.framework/_CodeSignature/CodeResources ... 
1798 bytes for ./Payload/meho-ios.app/Frameworks/AWSAuthCore.framework/_CodeSignature/CodeResources
copying file ./Payload/meho-ios.app/Frameworks/AWSAuthCore.framework/AWSAuthCore ... 
2020-04-13 01:11:51 +0000  138272 bytes for ./Payload/meho-ios.app/Frameworks/AWSAuthCore.framework/AWSAuthCore
2020-04-13 01:11:51 +0000  copying file ./Payload/meho-ios.app/Frameworks/AWSAuthCore.framework/Info.plist ... 
745 bytes for ./Payload/meho-ios.app/Frameworks/AWSAuthCore.framework/Info.plist
copying file ./Payload/meho-ios.app/embedded.mobileprovision ... 
2020-04-13 01:11:51 +0000  7334 bytes for ./Payload/meho-ios.app/embedded.mobileprovision
copying file ./Payload/meho-ios.app/meho-ios ... 
2020-04-13 01:11:51 +0000  1087872 bytes for ./Payload/meho-ios.app/meho-ios
2020-04-13 01:11:51 +0000  copying file ./Payload/meho-ios.app/Info.plist ... 
1780 bytes for ./Payload/meho-ios.app/Info.plist
copying file ./Payload/meho-ios.app/PkgInfo ... 
8 bytes for ./Payload/meho-ios.app/PkgInfo
copying file ./Symbols/4756952E-EBEA-3F72-A282-64F5E48D5757.symbols ... 
2020-04-13 01:11:51 +0000  1092960 bytes for ./Symbols/4756952E-EBEA-3F72-A282-64F5E48D5757.symbols
2020-04-13 01:11:51 +0000  copying file ./Symbols/EED686F1-4E7B-31AB-A4E2-598C8311BCD2.symbols ... 
2020-04-13 01:11:51 +0000  165496 bytes for ./Symbols/EED686F1-4E7B-31AB-A4E2-598C8311BCD2.symbols
2020-04-13 01:11:51 +0000  copying file ./Symbols/7C85CCE0-E438-34D4-9A31-6E1E6690249F.symbols ... 
2020-04-13 01:11:51 +0000  33816 bytes for ./Symbols/7C85CCE0-E438-34D4-9A31-6E1E6690249F.symbols
2020-04-13 01:11:51 +0000  copying file ./Symbols/2A6D60D5-24E7-3D86-B5C2-F69D3DECD3B9.symbols ... 
2020-04-13 01:11:51 +0000  26464 bytes for ./Symbols/2A6D60D5-24E7-3D86-B5C2-F69D3DECD3B9.symbols
2020-04-13 01:11:51 +0000  copying file ./Symbols/9EA7B169-572B-3204-BDA8-C6FF92AF203A.symbols ... 
2020-04-13 01:11:51 +0000  45400 bytes for ./Symbols/9EA7B169-572B-3204-BDA8-C6FF92AF203A.symbols
2020-04-13 01:11:51 +0000  copying file ./Symbols/341083CE-D5C2-308E-A958-87B71C989C7A.symbols ... 
2020-04-13 01:11:51 +0000  983984 bytes for ./Symbols/341083CE-D5C2-308E-A958-87B71C989C7A.symbols
2020-04-13 01:11:51 +0000  copying file ./Symbols/B0009352-9BC8-3AED-8EB4-5C7FC0E5CB47.symbols ... 
2020-04-13 01:11:51 +0000  30048 bytes for ./Symbols/B0009352-9BC8-3AED-8EB4-5C7FC0E5CB47.symbols
copying file ./Symbols/6A536E96-821C-3BC3-AFD4-EE886F2D55CA.symbols ... 
2020-04-13 01:11:51 +0000  123880 bytes for ./Symbols/6A536E96-821C-3BC3-AFD4-EE886F2D55CA.symbols
2020-04-13 01:11:51 +0000  copying file ./Symbols/A666BC41-ADB7-39F8-8D64-492E4B2D032E.symbols ... 
2020-04-13 01:11:51 +0000  47288 bytes for ./Symbols/A666BC41-ADB7-39F8-8D64-492E4B2D032E.symbols
2020-04-13 01:11:51 +0000  copying file ./Symbols/28EDA5C7-E757-37A2-BD70-6399EC5B0A75.symbols ... 
2020-04-13 01:11:51 +0000  521760 bytes for ./Symbols/28EDA5C7-E757-37A2-BD70-6399EC5B0A75.symbols
2020-04-13 01:11:51 +0000  copying file ./Symbols/3052BF3A-A73B-39F6-A767-E6002DB12345.symbols ... 
2020-04-13 01:11:51 +0000  738520 bytes for ./Symbols/3052BF3A-A73B-39F6-A767-E6002DB12345.symbols
2020-04-13 01:11:51 +0000  copying file ./Symbols/2C664ABE-1C49-3298-8627-39A105424025.symbols ... 
2020-04-13 01:11:51 +0000  35440 bytes for ./Symbols/2C664ABE-1C49-3298-8627-39A105424025.symbols
2020-04-13 01:11:51 +0000  copying file ./Symbols/883CF3E7-7794-39E3-8019-D578EAB383DB.symbols ... 
2020-04-13 01:11:51 +0000  24128 bytes for ./Symbols/883CF3E7-7794-39E3-8019-D578EAB383DB.symbols
2020-04-13 01:11:51 +0000  copying file ./Symbols/BC3EE77A-3E0E-3541-8335-6E18DA207D6B.symbols ... 
2020-04-13 01:11:51 +0000  561128 bytes for ./Symbols/BC3EE77A-3E0E-3541-8335-6E18DA207D6B.symbols
2020-04-13 01:11:51 +0000  copying file ./Symbols/544A83B7-5B81-36DF-9EAF-7DC2CBAF0D49.symbols ... 
2020-04-13 01:11:51 +0000  231112 bytes for ./Symbols/544A83B7-5B81-36DF-9EAF-7DC2CBAF0D49.symbols
2020-04-13 01:11:51 +0000  copying file ./Symbols/B4985CB2-5266-3E85-BFC5-DDBDA53886EF.symbols ... 
2020-04-13 01:11:51 +0000  64384 bytes for ./Symbols/B4985CB2-5266-3E85-BFC5-DDBDA53886EF.symbols
2020-04-13 01:11:51 +0000  copying file ./Symbols/60D233D7-15D2-38E9-B56A-763DB3663C7C.symbols ... 
2020-04-13 01:11:51 +0000  128496 bytes for ./Symbols/60D233D7-15D2-38E9-B56A-763DB3663C7C.symbols
2020-04-13 01:11:51 +0000  copying file ./Symbols/F2F68382-D86A-3474-BE46-7500C457BC5A.symbols ... 
2020-04-13 01:11:51 +0000  52328 bytes for ./Symbols/F2F68382-D86A-3474-BE46-7500C457BC5A.symbols
2020-04-13 01:11:51 +0000  copying file ./Symbols/E97B9C10-CD6A-30AE-B2EF-246FCDE4B397.symbols ... 
2020-04-13 01:11:51 +0000  804704 bytes for ./Symbols/E97B9C10-CD6A-30AE-B2EF-246FCDE4B397.symbols
2020-04-13 01:11:51 +0000  copying file ./Symbols/702AF781-29A1-3D1B-B097-DC2B30564DA0.symbols ... 
2020-04-13 01:11:51 +0000  48200 bytes for ./Symbols/702AF781-29A1-3D1B-B097-DC2B30564DA0.symbols
2020-04-13 01:11:51 +0000  copying file ./Symbols/AD78F036-41E3-39C9-8FF2-2D56459DAD10.symbols ... 
2020-04-13 01:11:51 +0000  286024 bytes for ./Symbols/AD78F036-41E3-39C9-8FF2-2D56459DAD10.symbols
2020-04-13 01:11:51 +0000  copying file ./Symbols/3EF1D176-E2F6-3B6F-8904-1990B70447C2.symbols ... 
2020-04-13 01:11:51 +0000  105824 bytes for ./Symbols/3EF1D176-E2F6-3B6F-8904-1990B70447C2.symbols
2020-04-13 01:11:51 +0000  copying file ./Symbols/A842BA7E-6ADD-3E54-8B19-05AE9B336470.symbols ... 
2020-04-13 01:11:51 +0000  33496 bytes for ./Symbols/A842BA7E-6ADD-3E54-8B19-05AE9B336470.symbols
2020-04-13 01:11:51 +0000  copying file ./Symbols/543C285B-AFFF-3383-A531-F1813B7ADEC5.symbols ... 
2020-04-13 01:11:51 +0000  669864 bytes for ./Symbols/543C285B-AFFF-3383-A531-F1813B7ADEC5.symbols
2020-04-13 01:11:51 +0000  copying file ./Symbols/3043698E-CAD1-3963-92D3-854EE037C041.symbols ... 
2020-04-13 01:11:51 +0000  930648 bytes for ./Symbols/3043698E-CAD1-3963-92D3-854EE037C041.symbols
2020-04-13 01:11:51 +0000  copying file ./Symbols/646E9213-CA97-387F-A064-8E76E32EE71E.symbols ... 
2020-04-13 01:11:51 +0000  51656 bytes for ./Symbols/646E9213-CA97-387F-A064-8E76E32EE71E.symbols
2020-04-13 01:11:51 +0000  copying file ./Symbols/123946BE-01F3-3D4C-B308-B9BE166AA40A.symbols ... 
2020-04-13 01:11:51 +0000  906312 bytes for ./Symbols/123946BE-01F3-3D4C-B308-B9BE166AA40A.symbols
2020-04-13 01:11:51 +0000  /usr/bin/ditto exited with 0
2020-04-13 01:11:51 +0000  Processing step: IDEDistributionAppStoreInformationStep
2020-04-13 01:11:51 +0000  Skipping step: IDEDistributionAppStoreInformationStep because it said so
2020-04-13 01:11:51 +0000  Processing step: IDEDistributionGenerateProcessedDistributionItems
2020-04-13 01:11:52 +0000  Processing step: IDEDistributionCreateManifestStep
2020-04-13 01:11:52 +0000  Skipping step: IDEDistributionCreateManifestStep because it said so
